source,name_or_title,category,price,rating,author,tags,description,source_url,scraped_at
Books to Scrape,A Light in the Attic,,51.77,3,,,,https://books.toscrape.com/catalogue/a-light-in-the-attic_1000/index.html,2026-10-06T13:06:08.025234+00:00
Books to Scrape,Tipping the Velvet,,53.74,1,,,,https://books.toscrape.com/catalogue/tipping-the-velvet_999/index.html,2026-10-06T13:06:08.026229+00:00
Books to Scrape,Soumission,,50.1,1,,,,https://books.toscrape.com/catalogue/soumission_998/index.html,2026-10-06T13:06:08.026229+00:00
Books to Scrape,Sharp Objects,,47.82,4,,,,https://books.toscrape.com/catalogue/sharp-objects_997/index.html,2026-10-06T13:06:08.026229+00:00
Books to Scrape,Sapiens: A Brief History of Humankind,,54.23,5,,,,https://books.toscrape.com/catalogue/sapiens-a-brief-history-of-humankind_996/index.html,2026-10-06T13:06:08.026229+00:00
Books to Scrape,The Requiem Red,,22.65,1,,,,https://books.toscrape.com/catalogue/the-requiem-red_995/index.html,2026-10-06T13:06:08.026229+00:00
Books to Scrape,The Dirty Little Secrets of Getting Your Dream Job,,33.34,4,,,,https://books.toscrape.com/catalogue/the-dirty-little-secrets-of-getting-your-dream-job_994/index.html,2026-10-06T13:06:08.026229+00:00
Books to Scrape,"The Coming Woman: A Novel Based on the Life of the Infamous Feminist, Victoria Woodhull",,17.93,3,,,,https://books.toscrape.com/catalogue/the-coming-woman-a-novel-based-on-the-life-of-the-infamous-feminist-victoria-woodhull_993/index.html,2026-10-06T13:06:08.027229+00:00
Books to Scrape,The Boys in the Boat: Nine Americans and Their Epic Quest for Gold at the 1936 Berlin Olympics,,22.6,4,,,,https://books.toscrape.com/catalogue/the-boys-in-the-boat-nine-americans-and-their-epic-quest-for-gold-at-the-1936-berlin-olympics_992/index.html,2026-10-06T13:06:08.027229+00:00
Books to Scrape,The Black Maria,,52.15,1,,,,https://books.toscrape.com/catalogue/the-black-maria_991/index.html,2026-10-06T13:06:08.027229+00:00
Books to Scrape,"Starving Hearts (Triangular Trade Trilogy, #1)",,13.99,2,,,,https://books.toscrape.com/catalogue/starving-hearts-triangular-trade-trilogy-1_990/index.html,2026-10-06T13:06:08.027229+00:00
Books to Scrape,Shakespeare's Sonnets,,20.66,4,,,,https://books.toscrape.com/catalogue/shakespeares-sonnets_989/index.html,2026-10-06T13:06:08.027229+00:00
Books to Scrape,Set Me Free,,17.46,5,,,,https://books.toscrape.com/catalogue/set-me-free_988/index.html,2026-10-06T13:06:08.028227+00:00
Books to Scrape,Scott Pilgrim's Precious Little Life (Scott Pilgrim #1),,52.29,5,,,,https://books.toscrape.com/catalogue/scott-pilgrims-precious-little-life-scott-pilgrim-1_987/index.html,2026-10-06T13:06:08.028227+00:00
Books to Scrape,Rip it Up and Start Again,,35.02,5,,,,https://books.toscrape.com/catalogue/rip-it-up-and-start-again_986/index.html,2026-10-06T13:06:08.028227+00:00
Books to Scrape,"Our Band Could Be Your Life: Scenes from the American Indie Underground, 1981-1991",,57.25,3,,,,https://books.toscrape.com/catalogue/our-band-could-be-your-life-scenes-from-the-american-indie-underground-1981-1991_985/index.html,2026-10-06T13:06:08.028734+00:00
Books to Scrape,Olio,,23.88,1,,,,https://books.toscrape.com/catalogue/olio_984/index.html,2026-10-06T13:06:08.028734+00:00
Books to Scrape,Mesaerion: The Best Science Fiction Stories 1800-1849,,37.59,1,,,,https://books.toscrape.com/catalogue/mesaerion-the-best-science-fiction-stories-1800-1849_983/index.html,2026-10-06T13:06:08.028734+00:00
Books to Scrape,Libertarianism for Beginners,,51.33,2,,,,https://books.toscrape.com/catalogue/libertarianism-for-beginners_982/index.html,2026-10-06T13:06:08.028734+00:00
Books to Scrape,It's Only the Himalayas,,45.17,2,,,,https://books.toscrape.com/catalogue/its-only-the-himalayas_981/index.html,2026-10-06T13:06:08.028734+00:00
Books to Scrape,In Her Wake,,12.84,1,,,,https://books.toscrape.com/catalogue/in-her-wake_980/index.html,2026-10-06T13:06:10.108755+00:00
Books to Scrape,How Music Works,,37.32,2,,,,https://books.toscrape.com/catalogue/how-music-works_979/index.html,2026-10-06T13:06:10.108755+00:00
Books to Scrape,"Foolproof Preserving: A Guide to Small Batch Jams, Jellies, Pickles, Condiments, and More: A Foolproof Guide to Making Small Batch Jams, Jellies, Pickles, Condiments, and More",,30.52,3,,,,https://books.toscrape.com/catalogue/foolproof-preserving-a-guide-to-small-batch-jams-jellies-pickles-condiments-and-more-a-foolproof-guide-to-making-small-batch-jams-jellies-pickles-condiments-and-more_978/index.html,2026-10-06T13:06:10.109769+00:00
Books to Scrape,Chase Me (Paris Nights #2),,25.27,5,,,,https://books.toscrape.com/catalogue/chase-me-paris-nights-2_977/index.html,2026-10-06T13:06:10.109769+00:00
Books to Scrape,Black Dust,,34.53,5,,,,https://books.toscrape.com/catalogue/black-dust_976/index.html,2026-10-06T13:06:10.109769+00:00
Books to Scrape,Birdsong: A Story in Pictures,,54.64,3,,,,https://books.toscrape.com/catalogue/birdsong-a-story-in-pictures_975/index.html,2026-10-06T13:06:10.110765+00:00
Books to Scrape,America's Cradle of Quarterbacks: Western Pennsylvania's Football Factory from Johnny Unitas to Joe Montana,,22.5,3,,,,https://books.toscrape.com/catalogue/americas-cradle-of-quarterbacks-western-pennsylvanias-football-factory-from-johnny-unitas-to-joe-montana_974/index.html,2026-10-06T13:06:10.110765+00:00
Books to Scrape,Aladdin and His Wonderful Lamp,,53.13,3,,,,https://books.toscrape.com/catalogue/aladdin-and-his-wonderful-lamp_973/index.html,2026-10-06T13:06:10.110765+00:00
Books to Scrape,Worlds Elsewhere: Journeys Around Shakespeare’s Globe,,40.3,5,,,,https://books.toscrape.com/catalogue/worlds-elsewhere-journeys-around-shakespeares-globe_972/index.html,2026-10-06T13:06:10.110765+00:00
Books to Scrape,Wall and Piece,,44.18,4,,,,https://books.toscrape.com/catalogue/wall-and-piece_971/index.html,2026-10-06T13:06:10.110765+00:00
Books to Scrape,The Four Agreements: A Practical Guide to Personal Freedom,,17.66,5,,,,https://books.toscrape.com/catalogue/the-four-agreements-a-practical-guide-to-personal-freedom_970/index.html,2026-10-06T13:06:10.111763+00:00
Books to Scrape,The Five Love Languages: How to Express Heartfelt Commitment to Your Mate,,31.05,3,,,,https://books.toscrape.com/catalogue/the-five-love-languages-how-to-express-heartfelt-commitment-to-your-mate_969/index.html,2026-10-06T13:06:10.111763+00:00
Books to Scrape,The Elephant Tree,,23.82,5,,,,https://books.toscrape.com/catalogue/the-elephant-tree_968/index.html,2026-10-06T13:06:10.111763+00:00
Books to Scrape,The Bear and the Piano,,36.89,1,,,,https://books.toscrape.com/catalogue/the-bear-and-the-piano_967/index.html,2026-10-06T13:06:10.111763+00:00
Books to Scrape,Sophie's World,,15.94,5,,,,https://books.toscrape.com/catalogue/sophies-world_966/index.html,2026-10-06T13:06:10.111763+00:00
Books to Scrape,Penny Maybe,,33.29,3,,,,https://books.toscrape.com/catalogue/penny-maybe_965/index.html,2026-10-06T13:06:10.111763+00:00
Books to Scrape,Maude (1883-1993):She Grew Up with the country,,18.02,2,,,,https://books.toscrape.com/catalogue/maude-1883-1993she-grew-up-with-the-country_964/index.html,2026-10-06T13:06:10.112762+00:00
Books to Scrape,"In a Dark, Dark Wood",,19.63,1,,,,https://books.toscrape.com/catalogue/in-a-dark-dark-wood_963/index.html,2026-10-06T13:06:10.112762+00:00
Books to Scrape,Behind Closed Doors,,52.22,4,,,,https://books.toscrape.com/catalogue/behind-closed-doors_962/index.html,2026-10-06T13:06:10.113770+00:00
Books to Scrape,You can't bury them all: Poems,,33.63,2,,,,https://books.toscrape.com/catalogue/you-cant-bury-them-all-poems_961/index.html,2026-10-06T13:06:10.113770+00:00
Books to Scrape,Slow States of Collapse: Poems,,57.31,3,,,,https://books.toscrape.com/catalogue/slow-states-of-collapse-poems_960/index.html,2026-10-06T13:06:12.011849+00:00
Books to Scrape,Reasons to Stay Alive,,26.41,2,,,,https://books.toscrape.com/catalogue/reasons-to-stay-alive_959/index.html,2026-10-06T13:06:12.012878+00:00
Books to Scrape,Private Paris (Private #10),,47.61,5,,,,https://books.toscrape.com/catalogue/private-paris-private-10_958/index.html,2026-10-06T13:06:12.012878+00:00
Books to Scrape,#HigherSelfie: Wake Up Your Life. Free Your Soul. Find Your Tribe.,,23.11,5,,,,https://books.toscrape.com/catalogue/higherselfie-wake-up-your-life-free-your-soul-find-your-tribe_957/index.html,2026-10-06T13:06:12.012878+00:00
Books to Scrape,Without Borders (Wanderlove #1),,45.07,2,,,,https://books.toscrape.com/catalogue/without-borders-wanderlove-1_956/index.html,2026-10-06T13:06:12.012878+00:00
Books to Scrape,When We Collided,,31.77,1,,,,https://books.toscrape.com/catalogue/when-we-collided_955/index.html,2026-10-06T13:06:12.012878+00:00
Books to Scrape,"We Love You, Charlie Freeman",,50.27,5,,,,https://books.toscrape.com/catalogue/we-love-you-charlie-freeman_954/index.html,2026-10-06T13:06:12.013858+00:00
Books to Scrape,Untitled Collection: Sabbath Poems 2014,,14.27,4,,,,https://books.toscrape.com/catalogue/untitled-collection-sabbath-poems-2014_953/index.html,2026-10-06T13:06:12.013858+00:00
Books to Scrape,"Unseen City: The Majesty of Pigeons, the Discreet Charm of Snails & Other Wonders of the Urban Wilderness",,44.18,4,,,,https://books.toscrape.com/catalogue/unseen-city-the-majesty-of-pigeons-the-discreet-charm-of-snails-other-wonders-of-the-urban-wilderness_952/index.html,2026-10-06T13:06:12.013858+00:00
Books to Scrape,Unicorn Tracks,,18.78,3,,,,https://books.toscrape.com/catalogue/unicorn-tracks_951/index.html,2026-10-06T13:06:12.013858+00:00
Books to Scrape,"Unbound: How Eight Technologies Made Us Human, Transformed Society, and Brought Our World to the Brink",,25.52,1,,,,https://books.toscrape.com/catalogue/unbound-how-eight-technologies-made-us-human-transformed-society-and-brought-our-world-to-the-brink_950/index.html,2026-10-06T13:06:12.013858+00:00
Books to Scrape,Tsubasa: WoRLD CHRoNiCLE 2 (Tsubasa WoRLD CHRoNiCLE #2),,16.28,1,,,,https://books.toscrape.com/catalogue/tsubasa-world-chronicle-2-tsubasa-world-chronicle-2_949/index.html,2026-10-06T13:06:12.014772+00:00
Books to Scrape,Throwing Rocks at the Google Bus: How Growth Became the Enemy of Prosperity,,31.12,3,,,,https://books.toscrape.com/catalogue/throwing-rocks-at-the-google-bus-how-growth-became-the-enemy-of-prosperity_948/index.html,2026-10-06T13:06:12.014772+00:00
Books to Scrape,This One Summer,,19.49,4,,,,https://books.toscrape.com/catalogue/this-one-summer_947/index.html,2026-10-06T13:06:12.014772+00:00
Books to Scrape,Thirst,,17.27,5,,,,https://books.toscrape.com/catalogue/thirst_946/index.html,2026-10-06T13:06:12.014772+00:00
Books to Scrape,The Torch Is Passed: A Harding Family Story,,19.09,1,,,,https://books.toscrape.com/catalogue/the-torch-is-passed-a-harding-family-story_945/index.html,2026-10-06T13:06:12.014772+00:00
Books to Scrape,The Secret of Dreadwillow Carse,,56.13,1,,,,https://books.toscrape.com/catalogue/the-secret-of-dreadwillow-carse_944/index.html,2026-10-06T13:06:12.015865+00:00
Books to Scrape,"The Pioneer Woman Cooks: Dinnertime: Comfort Classics, Freezer Food, 16-Minute Meals, and Other Delicious Ways to Solve Supper!",,56.41,1,,,,https://books.toscrape.com/catalogue/the-pioneer-woman-cooks-dinnertime-comfort-classics-freezer-food-16-minute-meals-and-other-delicious-ways-to-solve-supper_943/index.html,2026-10-06T13:06:12.015865+00:00
Books to Scrape,The Past Never Ends,,56.5,4,,,,https://books.toscrape.com/catalogue/the-past-never-ends_942/index.html,2026-10-06T13:06:12.015865+00:00
Books to Scrape,The Natural History of Us (The Fine Art of Pretending #2),,45.22,3,,,,https://books.toscrape.com/catalogue/the-natural-history-of-us-the-fine-art-of-pretending-2_941/index.html,2026-10-06T13:06:12.015865+00:00
Books to Scrape,The Nameless City (The Nameless City #1),,38.16,4,,,,https://books.toscrape.com/catalogue/the-nameless-city-the-nameless-city-1_940/index.html,2026-10-06T13:06:14.511702+00:00
Books to Scrape,The Murder That Never Was (Forensic Instincts #5),,54.11,3,,,,https://books.toscrape.com/catalogue/the-murder-that-never-was-forensic-instincts-5_939/index.html,2026-10-06T13:06:14.511702+00:00
Books to Scrape,The Most Perfect Thing: Inside (and Outside) a Bird's Egg,,42.96,4,,,,https://books.toscrape.com/catalogue/the-most-perfect-thing-inside-and-outside-a-birds-egg_938/index.html,2026-10-06T13:06:14.511702+00:00
Books to Scrape,"The Mindfulness and Acceptance Workbook for Anxiety: A Guide to Breaking Free from Anxiety, Phobias, and Worry Using Acceptance and Commitment Therapy",,23.89,4,,,,https://books.toscrape.com/catalogue/the-mindfulness-and-acceptance-workbook-for-anxiety-a-guide-to-breaking-free-from-anxiety-phobias-and-worry-using-acceptance-and-commitment-therapy_937/index.html,2026-10-06T13:06:14.512703+00:00
Books to Scrape,The Life-Changing Magic of Tidying Up: The Japanese Art of Decluttering and Organizing,,16.77,3,,,,https://books.toscrape.com/catalogue/the-life-changing-magic-of-tidying-up-the-japanese-art-of-decluttering-and-organizing_936/index.html,2026-10-06T13:06:14.512703+00:00
Books to Scrape,"The Inefficiency Assassin: Time Management Tactics for Working Smarter, Not Longer",,20.59,5,,,,https://books.toscrape.com/catalogue/the-inefficiency-assassin-time-management-tactics-for-working-smarter-not-longer_935/index.html,2026-10-06T13:06:14.512703+00:00
Books to Scrape,The Gutsy Girl: Escapades for Your Life of Epic Adventure,,37.13,1,,,,https://books.toscrape.com/catalogue/the-gutsy-girl-escapades-for-your-life-of-epic-adventure_934/index.html,2026-10-06T13:06:14.512703+00:00
Books to Scrape,The Electric Pencil: Drawings from Inside State Hospital No. 3,,56.06,1,,,,https://books.toscrape.com/catalogue/the-electric-pencil-drawings-from-inside-state-hospital-no-3_933/index.html,2026-10-06T13:06:14.512703+00:00
Books to Scrape,The Death of Humanity: and the Case for Life,,58.11,4,,,,https://books.toscrape.com/catalogue/the-death-of-humanity-and-the-case-for-life_932/index.html,2026-10-06T13:06:14.513709+00:00
Books to Scrape,"The Bulletproof Diet: Lose up to a Pound a Day, Reclaim Energy and Focus, Upgrade Your Life",,49.05,3,,,,https://books.toscrape.com/catalogue/the-bulletproof-diet-lose-up-to-a-pound-a-day-reclaim-energy-and-focus-upgrade-your-life_931/index.html,2026-10-06T13:06:14.513709+00:00
Books to Scrape,The Art Forger,,40.76,3,,,,https://books.toscrape.com/catalogue/the-art-forger_930/index.html,2026-10-06T13:06:14.513709+00:00
Books to Scrape,The Age of Genius: The Seventeenth Century and the Birth of the Modern Mind,,19.73,1,,,,https://books.toscrape.com/catalogue/the-age-of-genius-the-seventeenth-century-and-the-birth-of-the-modern-mind_929/index.html,2026-10-06T13:06:14.513709+00:00
Books to Scrape,The Activist's Tao Te Ching: Ancient Advice for a Modern Revolution,,32.24,5,,,,https://books.toscrape.com/catalogue/the-activists-tao-te-ching-ancient-advice-for-a-modern-revolution_928/index.html,2026-10-06T13:06:14.514728+00:00
Books to Scrape,Spark Joy: An Illustrated Master Class on the Art of Organizing and Tidying Up,,41.83,4,,,,https://books.toscrape.com/catalogue/spark-joy-an-illustrated-master-class-on-the-art-of-organizing-and-tidying-up_927/index.html,2026-10-06T13:06:14.514728+00:00
Books to Scrape,Soul Reader,,39.58,2,,,,https://books.toscrape.com/catalogue/soul-reader_926/index.html,2026-10-06T13:06:14.514728+00:00
Books to Scrape,Security,,39.25,2,,,,https://books.toscrape.com/catalogue/security_925/index.html,2026-10-06T13:06:14.514728+00:00
Books to Scrape,"Saga, Volume 6 (Saga (Collected Editions) #6)",,25.02,3,,,,https://books.toscrape.com/catalogue/saga-volume-6-saga-collected-editions-6_924/index.html,2026-10-06T13:06:14.514728+00:00
Books to Scrape,"Saga, Volume 5 (Saga (Collected Editions) #5)",,51.04,2,,,,https://books.toscrape.com/catalogue/saga-volume-5-saga-collected-editions-5_923/index.html,2026-10-06T13:06:14.515703+00:00
Books to Scrape,Reskilling America: Learning to Labor in the Twenty-First Century,,19.83,2,,,,https://books.toscrape.com/catalogue/reskilling-america-learning-to-labor-in-the-twenty-first-century_922/index.html,2026-10-06T13:06:14.515703+00:00
Books to Scrape,"Rat Queens, Vol. 3: Demons (Rat Queens (Collected Editions) #11-15)",,50.4,3,,,,https://books.toscrape.com/catalogue/rat-queens-vol-3-demons-rat-queens-collected-editions-11-15_921/index.html,2026-10-06T13:06:14.515703+00:00
Books to Scrape,"Princess Jellyfish 2-in-1 Omnibus, Vol. 01 (Princess Jellyfish 2-in-1 Omnibus #1)",,13.61,5,,,,https://books.toscrape.com/catalogue/princess-jellyfish-2-in-1-omnibus-vol-01-princess-jellyfish-2-in-1-omnibus-1_920/index.html,2026-10-06T13:06:16.217210+00:00
Books to Scrape,Princess Between Worlds (Wide-Awake Princess #5),,13.34,5,,,,https://books.toscrape.com/catalogue/princess-between-worlds-wide-awake-princess-5_919/index.html,2026-10-06T13:06:16.217210+00:00
Books to Scrape,"Pop Gun War, Volume 1: Gift",,18.97,1,,,,https://books.toscrape.com/catalogue/pop-gun-war-volume-1-gift_918/index.html,2026-10-06T13:06:16.217210+00:00
Books to Scrape,"Political Suicide: Missteps, Peccadilloes, Bad Calls, Backroom Hijinx, Sordid Pasts, Rotten Breaks, and Just Plain Dumb Mistakes in the Annals of American Politics",,36.28,2,,,,https://books.toscrape.com/catalogue/political-suicide-missteps-peccadilloes-bad-calls-backroom-hijinx-sordid-pasts-rotten-breaks-and-just-plain-dumb-mistakes-in-the-annals-of-american-politics_917/index.html,2026-10-06T13:06:16.217210+00:00
Books to Scrape,Patience,,10.16,3,,,,https://books.toscrape.com/catalogue/patience_916/index.html,2026-10-06T13:06:16.218223+00:00
Books to Scrape,"Outcast, Vol. 1: A Darkness Surrounds Him (Outcast #1)",,15.44,4,,,,https://books.toscrape.com/catalogue/outcast-vol-1-a-darkness-surrounds-him-outcast-1_915/index.html,2026-10-06T13:06:16.218223+00:00
Books to Scrape,orange: The Complete Collection 1 (orange: The Complete Collection #1),,48.41,1,,,,https://books.toscrape.com/catalogue/orange-the-complete-collection-1-orange-the-complete-collection-1_914/index.html,2026-10-06T13:06:16.218223+00:00
Books to Scrape,Online Marketing for Busy Authors: A Step-By-Step Guide,,46.35,1,,,,https://books.toscrape.com/catalogue/online-marketing-for-busy-authors-a-step-by-step-guide_913/index.html,2026-10-06T13:06:16.218817+00:00
Books to Scrape,On a Midnight Clear,,14.07,3,,,,https://books.toscrape.com/catalogue/on-a-midnight-clear_912/index.html,2026-10-06T13:06:16.218817+00:00
Books to Scrape,Obsidian (Lux #1),,14.86,2,,,,https://books.toscrape.com/catalogue/obsidian-lux-1_911/index.html,2026-10-06T13:06:16.218817+00:00
Books to Scrape,My Paris Kitchen: Recipes and Stories,,33.37,2,,,,https://books.toscrape.com/catalogue/my-paris-kitchen-recipes-and-stories_910/index.html,2026-10-06T13:06:16.218817+00:00
Books to Scrape,Masks and Shadows,,56.4,2,,,,https://books.toscrape.com/catalogue/masks-and-shadows_909/index.html,2026-10-06T13:06:16.219822+00:00
Books to Scrape,"Mama Tried: Traditional Italian Cooking for the Screwed, Crude, Vegan, and Tattooed",,14.02,4,,,,https://books.toscrape.com/catalogue/mama-tried-traditional-italian-cooking-for-the-screwed-crude-vegan-and-tattooed_908/index.html,2026-10-06T13:06:16.219822+00:00
Books to Scrape,"Lumberjanes, Vol. 2: Friendship to the Max (Lumberjanes #5-8)",,46.91,2,,,,https://books.toscrape.com/catalogue/lumberjanes-vol-2-friendship-to-the-max-lumberjanes-5-8_907/index.html,2026-10-06T13:06:16.219822+00:00
Books to Scrape,"Lumberjanes, Vol. 1: Beware the Kitten Holy (Lumberjanes #1-4)",,45.61,3,,,,https://books.toscrape.com/catalogue/lumberjanes-vol-1-beware-the-kitten-holy-lumberjanes-1-4_906/index.html,2026-10-06T13:06:16.219822+00:00
Books to Scrape,Lumberjanes Vol. 3: A Terrible Plan (Lumberjanes #9-12),,19.92,2,,,,https://books.toscrape.com/catalogue/lumberjanes-vol-3-a-terrible-plan-lumberjanes-9-12_905/index.html,2026-10-06T13:06:16.219822+00:00
Books to Scrape,"Layered: Baking, Building, and Styling Spectacular Cakes",,40.11,1,,,,https://books.toscrape.com/catalogue/layered-baking-building-and-styling-spectacular-cakes_904/index.html,2026-10-06T13:06:16.219822+00:00
Books to Scrape,Judo: Seven Steps to Black Belt (an Introductory Guide for Beginners),,53.9,2,,,,https://books.toscrape.com/catalogue/judo-seven-steps-to-black-belt-an-introductory-guide-for-beginners_903/index.html,2026-10-06T13:06:16.220852+00:00
Books to Scrape,Join,,35.67,5,,,,https://books.toscrape.com/catalogue/join_902/index.html,2026-10-06T13:06:16.220852+00:00
Books to Scrape,In the Country We Love: My Family Divided,,22.0,4,,,,https://books.toscrape.com/catalogue/in-the-country-we-love-my-family-divided_901/index.html,2026-10-06T13:06:16.221919+00:00
Books to Scrape,Immunity: How Elie Metchnikoff Changed the Course of Modern Medicine,,57.36,5,,,,https://books.toscrape.com/catalogue/immunity-how-elie-metchnikoff-changed-the-course-of-modern-medicine_900/index.html,2026-10-06T13:06:17.458364+00:00
Books to Scrape,"I Hate Fairyland, Vol. 1: Madly Ever After (I Hate Fairyland (Compilations) #1-5)",,29.17,2,,,,https://books.toscrape.com/catalogue/i-hate-fairyland-vol-1-madly-ever-after-i-hate-fairyland-compilations-1-5_899/index.html,2026-10-06T13:06:17.458364+00:00
Books to Scrape,I am a Hero Omnibus Volume 1,,54.63,3,,,,https://books.toscrape.com/catalogue/i-am-a-hero-omnibus-volume-1_898/index.html,2026-10-06T13:06:17.458873+00:00
Books to Scrape,How to Be Miserable: 40 Strategies You Already Use,,46.03,1,,,,https://books.toscrape.com/catalogue/how-to-be-miserable-40-strategies-you-already-use_897/index.html,2026-10-06T13:06:17.458873+00:00
Books to Scrape,Her Backup Boyfriend (The Sorensen Family #1),,33.97,1,,,,https://books.toscrape.com/catalogue/her-backup-boyfriend-the-sorensen-family-1_896/index.html,2026-10-06T13:06:17.458873+00:00
Books to Scrape,"Giant Days, Vol. 2 (Giant Days #5-8)",,22.11,2,,,,https://books.toscrape.com/catalogue/giant-days-vol-2-giant-days-5-8_895/index.html,2026-10-06T13:06:17.458873+00:00
Books to Scrape,Forever and Forever: The Courtship of Henry Longfellow and Fanny Appleton,,29.69,3,,,,https://books.toscrape.com/catalogue/forever-and-forever-the-courtship-of-henry-longfellow-and-fanny-appleton_894/index.html,2026-10-06T13:06:17.458873+00:00
Books to Scrape,First and First (Five Boroughs #3),,15.97,4,,,,https://books.toscrape.com/catalogue/first-and-first-five-boroughs-3_893/index.html,2026-10-06T13:06:17.458873+00:00
Books to Scrape,Fifty Shades Darker (Fifty Shades #2),,21.96,1,,,,https://books.toscrape.com/catalogue/fifty-shades-darker-fifty-shades-2_892/index.html,2026-10-06T13:06:17.459910+00:00
Books to Scrape,Everydata: The Misinformation Hidden in the Little Data You Consume Every Day,,54.35,2,,,,https://books.toscrape.com/catalogue/everydata-the-misinformation-hidden-in-the-little-data-you-consume-every-day_891/index.html,2026-10-06T13:06:17.459910+00:00
Books to Scrape,"Don't Be a Jerk: And Other Practical Advice from Dogen, Japan's Greatest Zen Master",,37.97,2,,,,https://books.toscrape.com/catalogue/dont-be-a-jerk-and-other-practical-advice-from-dogen-japans-greatest-zen-master_890/index.html,2026-10-06T13:06:17.459910+00:00
Books to Scrape,Danganronpa Volume 1,,51.99,4,,,,https://books.toscrape.com/catalogue/danganronpa-volume-1_889/index.html,2026-10-06T13:06:17.459910+00:00
Books to Scrape,Crown of Midnight (Throne of Glass #2),,43.29,3,,,,https://books.toscrape.com/catalogue/crown-of-midnight-throne-of-glass-2_888/index.html,2026-10-06T13:06:17.459910+00:00
Books to Scrape,"Codename Baboushka, Volume 1: The Conclave of Death",,36.72,4,,,,https://books.toscrape.com/catalogue/codename-baboushka-volume-1-the-conclave-of-death_887/index.html,2026-10-06T13:06:17.460950+00:00
Books to Scrape,Camp Midnight,,17.08,4,,,,https://books.toscrape.com/catalogue/camp-midnight_886/index.html,2026-10-06T13:06:17.460950+00:00
Books to Scrape,Call the Nurse: True Stories of a Country Nurse on a Scottish Isle,,29.14,5,,,,https://books.toscrape.com/catalogue/call-the-nurse-true-stories-of-a-country-nurse-on-a-scottish-isle_885/index.html,2026-10-06T13:06:17.460950+00:00
Books to Scrape,Burning,,28.81,3,,,,https://books.toscrape.com/catalogue/burning_884/index.html,2026-10-06T13:06:17.460950+00:00
Books to Scrape,Bossypants,,49.46,2,,,,https://books.toscrape.com/catalogue/bossypants_883/index.html,2026-10-06T13:06:17.460950+00:00
Books to Scrape,"Bitch Planet, Vol. 1: Extraordinary Machine (Bitch Planet (Collected Editions))",,37.92,2,,,,https://books.toscrape.com/catalogue/bitch-planet-vol-1-extraordinary-machine-bitch-planet-collected-editions_882/index.html,2026-10-06T13:06:17.461966+00:00
Books to Scrape,"Avatar: The Last Airbender: Smoke and Shadow, Part 3 (Smoke and Shadow #3)",,28.09,2,,,,https://books.toscrape.com/catalogue/avatar-the-last-airbender-smoke-and-shadow-part-3-smoke-and-shadow-3_881/index.html,2026-10-06T13:06:17.461966+00:00
Books to Scrape,Algorithms to Live By: The Computer Science of Human Decisions,,30.81,1,,,,https://books.toscrape.com/catalogue/algorithms-to-live-by-the-computer-science-of-human-decisions_880/index.html,2026-10-06T13:06:18.625829+00:00
Books to Scrape,A World of Flavor: Your Gluten Free Passport,,42.95,1,,,,https://books.toscrape.com/catalogue/a-world-of-flavor-your-gluten-free-passport_879/index.html,2026-10-06T13:06:18.625829+00:00
Books to Scrape,"A Piece of Sky, a Grain of Rice: A Memoir in Four Meditations",,56.76,5,,,,https://books.toscrape.com/catalogue/a-piece-of-sky-a-grain-of-rice-a-memoir-in-four-meditations_878/index.html,2026-10-06T13:06:18.625829+00:00
Books to Scrape,A Murder in Time,,16.64,1,,,,https://books.toscrape.com/catalogue/a-murder-in-time_877/index.html,2026-10-06T13:06:18.625829+00:00
Books to Scrape,A Flight of Arrows (The Pathfinders #2),,55.53,5,,,,https://books.toscrape.com/catalogue/a-flight-of-arrows-the-pathfinders-2_876/index.html,2026-10-06T13:06:18.626915+00:00
Books to Scrape,A Fierce and Subtle Poison,,28.13,4,,,,https://books.toscrape.com/catalogue/a-fierce-and-subtle-poison_875/index.html,2026-10-06T13:06:18.626915+00:00
Books to Scrape,A Court of Thorns and Roses (A Court of Thorns and Roses #1),,52.37,1,,,,https://books.toscrape.com/catalogue/a-court-of-thorns-and-roses-a-court-of-thorns-and-roses-1_874/index.html,2026-10-06T13:06:18.626915+00:00
Books to Scrape,(Un)Qualified: How God Uses Broken People to Do Big Things,,54.0,5,,,,https://books.toscrape.com/catalogue/unqualified-how-god-uses-broken-people-to-do-big-things_873/index.html,2026-10-06T13:06:18.628560+00:00
Books to Scrape,You Are What You Love: The Spiritual Power of Habit,,21.87,4,,,,https://books.toscrape.com/catalogue/you-are-what-you-love-the-spiritual-power-of-habit_872/index.html,2026-10-06T13:06:18.628560+00:00
Books to Scrape,"William Shakespeare's Star Wars: Verily, A New Hope (William Shakespeare's Star Wars #4)",,43.3,4,,,,https://books.toscrape.com/catalogue/william-shakespeares-star-wars-verily-a-new-hope-william-shakespeares-star-wars-4_871/index.html,2026-10-06T13:06:18.629569+00:00
Books to Scrape,Tuesday Nights in 1980,,21.04,2,,,,https://books.toscrape.com/catalogue/tuesday-nights-in-1980_870/index.html,2026-10-06T13:06:18.629569+00:00
Books to Scrape,Tracing Numbers on a Train,,41.6,3,,,,https://books.toscrape.com/catalogue/tracing-numbers-on-a-train_869/index.html,2026-10-06T13:06:18.630676+00:00
Books to Scrape,Throne of Glass (Throne of Glass #1),,35.07,3,,,,https://books.toscrape.com/catalogue/throne-of-glass-throne-of-glass-1_868/index.html,2026-10-06T13:06:18.630676+00:00
Books to Scrape,Thomas Jefferson and the Tripoli Pirates: The Forgotten War That Changed American History,,59.64,1,,,,https://books.toscrape.com/catalogue/thomas-jefferson-and-the-tripoli-pirates-the-forgotten-war-that-changed-american-history_867/index.html,2026-10-06T13:06:18.631682+00:00
Books to Scrape,Thirteen Reasons Why,,52.72,1,,,,https://books.toscrape.com/catalogue/thirteen-reasons-why_866/index.html,2026-10-06T13:06:18.631682+00:00
Books to Scrape,The White Cat and the Monk: A Retelling of the Poem “Pangur Bán”,,58.08,4,,,,https://books.toscrape.com/catalogue/the-white-cat-and-the-monk-a-retelling-of-the-poem-pangur-ban_865/index.html,2026-10-06T13:06:18.632701+00:00
Books to Scrape,The Wedding Dress,,24.12,1,,,,https://books.toscrape.com/catalogue/the-wedding-dress_864/index.html,2026-10-06T13:06:18.632701+00:00
Books to Scrape,The Vacationers,,42.15,4,,,,https://books.toscrape.com/catalogue/the-vacationers_863/index.html,2026-10-06T13:06:18.633702+00:00
Books to Scrape,The Third Wave: An Entrepreneur’s Vision of the Future,,12.61,5,,,,https://books.toscrape.com/catalogue/the-third-wave-an-entrepreneurs-vision-of-the-future_862/index.html,2026-10-06T13:06:18.633702+00:00
Books to Scrape,The Stranger,,17.44,4,,,,https://books.toscrape.com/catalogue/the-stranger_861/index.html,2026-10-06T13:06:18.634669+00:00
Books to Scrape,The Shadow Hero (The Shadow Hero),,33.14,1,,,,https://books.toscrape.com/catalogue/the-shadow-hero-the-shadow-hero_860/index.html,2026-10-06T13:06:20.557218+00:00
Books to Scrape,The Secret (The Secret #1),,27.37,4,,,,https://books.toscrape.com/catalogue/the-secret-the-secret-1_859/index.html,2026-10-06T13:06:20.558221+00:00
Books to Scrape,The Regional Office Is Under Attack!,,51.36,5,,,,https://books.toscrape.com/catalogue/the-regional-office-is-under-attack_858/index.html,2026-10-06T13:06:20.558221+00:00
Books to Scrape,The Psychopath Test: A Journey Through the Madness Industry,,36.0,2,,,,https://books.toscrape.com/catalogue/the-psychopath-test-a-journey-through-the-madness-industry_857/index.html,2026-10-06T13:06:20.558725+00:00
Books to Scrape,The Project,,10.65,1,,,,https://books.toscrape.com/catalogue/the-project_856/index.html,2026-10-06T13:06:20.558725+00:00
Books to Scrape,The Power of Now: A Guide to Spiritual Enlightenment,,43.54,2,,,,https://books.toscrape.com/catalogue/the-power-of-now-a-guide-to-spiritual-enlightenment_855/index.html,2026-10-06T13:06:20.558725+00:00
Books to Scrape,The Omnivore's Dilemma: A Natural History of Four Meals,,38.21,2,,,,https://books.toscrape.com/catalogue/the-omnivores-dilemma-a-natural-history-of-four-meals_854/index.html,2026-10-06T13:06:20.558725+00:00
Books to Scrape,The Nerdy Nummies Cookbook: Sweet Treats for the Geek in All of Us,,37.34,5,,,,https://books.toscrape.com/catalogue/the-nerdy-nummies-cookbook-sweet-treats-for-the-geek-in-all-of-us_853/index.html,2026-10-06T13:06:20.558725+00:00
Books to Scrape,The Murder of Roger Ackroyd (Hercule Poirot #4),,44.1,4,,,,https://books.toscrape.com/catalogue/the-murder-of-roger-ackroyd-hercule-poirot-4_852/index.html,2026-10-06T13:06:20.559729+00:00
Books to Scrape,The Mistake (Off-Campus #2),,43.29,3,,,,https://books.toscrape.com/catalogue/the-mistake-off-campus-2_851/index.html,2026-10-06T13:06:20.559729+00:00
Books to Scrape,The Matchmaker's Playbook (Wingmen Inc. #1),,55.85,1,,,,https://books.toscrape.com/catalogue/the-matchmakers-playbook-wingmen-inc-1_850/index.html,2026-10-06T13:06:20.559729+00:00
Books to Scrape,The Love and Lemons Cookbook: An Apple-to-Zucchini Celebration of Impromptu Cooking,,37.6,2,,,,https://books.toscrape.com/catalogue/the-love-and-lemons-cookbook-an-apple-to-zucchini-celebration-of-impromptu-cooking_849/index.html,2026-10-06T13:06:20.559729+00:00
Books to Scrape,The Long Shadow of Small Ghosts: Murder and Memory in an American City,,10.97,1,,,,https://books.toscrape.com/catalogue/the-long-shadow-of-small-ghosts-murder-and-memory-in-an-american-city_848/index.html,2026-10-06T13:06:20.559729+00:00
Books to Scrape,The Kite Runner,,41.82,4,,,,https://books.toscrape.com/catalogue/the-kite-runner_847/index.html,2026-10-06T13:06:20.560733+00:00
Books to Scrape,The House by the Lake,,36.95,1,,,,https://books.toscrape.com/catalogue/the-house-by-the-lake_846/index.html,2026-10-06T13:06:20.560733+00:00
Books to Scrape,The Glittering Court (The Glittering Court #1),,44.28,1,,,,https://books.toscrape.com/catalogue/the-glittering-court-the-glittering-court-1_845/index.html,2026-10-06T13:06:20.560733+00:00
Books to Scrape,The Girl on the Train,,55.02,2,,,,https://books.toscrape.com/catalogue/the-girl-on-the-train_844/index.html,2026-10-06T13:06:20.560733+00:00
Books to Scrape,The Genius of Birds,,17.24,1,,,,https://books.toscrape.com/catalogue/the-genius-of-birds_843/index.html,2026-10-06T13:06:20.560733+00:00
Books to Scrape,The Emerald Mystery,,23.15,2,,,,https://books.toscrape.com/catalogue/the-emerald-mystery_842/index.html,2026-10-06T13:06:20.561733+00:00
Books to Scrape,The Cookies & Cups Cookbook: 125+ sweet & savory recipes reminding you to Always Eat Dessert First,,41.25,1,,,,https://books.toscrape.com/catalogue/the-cookies-cups-cookbook-125-sweet-savory-recipes-reminding-you-to-always-eat-dessert-first_841/index.html,2026-10-06T13:06:20.561733+00:00
Books to Scrape,The Bridge to Consciousness: I'm Writing the Bridge Between Science and Our Old and New Beliefs.,,32.0,3,,,,https://books.toscrape.com/catalogue/the-bridge-to-consciousness-im-writing-the-bridge-between-science-and-our-old-and-new-beliefs_840/index.html,2026-10-06T13:06:21.716909+00:00
Books to Scrape,The Artist's Way: A Spiritual Path to Higher Creativity,,38.49,5,,,,https://books.toscrape.com/catalogue/the-artists-way-a-spiritual-path-to-higher-creativity_839/index.html,2026-10-06T13:06:21.716909+00:00
Books to Scrape,The Art of War,,33.34,5,,,,https://books.toscrape.com/catalogue/the-art-of-war_838/index.html,2026-10-06T13:06:21.716909+00:00
Books to Scrape,The Argonauts,,10.93,2,,,,https://books.toscrape.com/catalogue/the-argonauts_837/index.html,2026-10-06T13:06:21.716909+00:00
Books to Scrape,The 10% Entrepreneur: Live Your Startup Dream Without Quitting Your Day Job,,27.55,3,,,,https://books.toscrape.com/catalogue/the-10-entrepreneur-live-your-startup-dream-without-quitting-your-day-job_836/index.html,2026-10-06T13:06:21.718510+00:00
Books to Scrape,Suddenly in Love (Lake Haven #1),,55.99,2,,,,https://books.toscrape.com/catalogue/suddenly-in-love-lake-haven-1_835/index.html,2026-10-06T13:06:21.718510+00:00
Books to Scrape,Something More Than This,,16.24,4,,,,https://books.toscrape.com/catalogue/something-more-than-this_834/index.html,2026-10-06T13:06:21.718510+00:00
Books to Scrape,Soft Apocalypse,,26.12,2,,,,https://books.toscrape.com/catalogue/soft-apocalypse_833/index.html,2026-10-06T13:06:21.718510+00:00
Books to Scrape,So You've Been Publicly Shamed,,12.23,2,,,,https://books.toscrape.com/catalogue/so-youve-been-publicly-shamed_832/index.html,2026-10-06T13:06:21.719573+00:00
Books to Scrape,Shoe Dog: A Memoir by the Creator of NIKE,,23.99,2,,,,https://books.toscrape.com/catalogue/shoe-dog-a-memoir-by-the-creator-of-nike_831/index.html,2026-10-06T13:06:21.719573+00:00
Books to Scrape,"Shobu Samurai, Project Aryoku (#3)",,29.06,3,,,,https://books.toscrape.com/catalogue/shobu-samurai-project-aryoku-3_830/index.html,2026-10-06T13:06:21.719573+00:00
Books to Scrape,Secrets and Lace (Fatal Hearts #1),,20.27,1,,,,https://books.toscrape.com/catalogue/secrets-and-lace-fatal-hearts-1_829/index.html,2026-10-06T13:06:21.719573+00:00
Books to Scrape,Scarlett Epstein Hates It Here,,43.55,5,,,,https://books.toscrape.com/catalogue/scarlett-epstein-hates-it-here_828/index.html,2026-10-06T13:06:21.719573+00:00
Books to Scrape,Romero and Juliet: A Tragic Tale of Love and Zombies,,36.94,1,,,,https://books.toscrape.com/catalogue/romero-and-juliet-a-tragic-tale-of-love-and-zombies_827/index.html,2026-10-06T13:06:21.720617+00:00
Books to Scrape,Redeeming Love,,20.47,5,,,,https://books.toscrape.com/catalogue/redeeming-love_826/index.html,2026-10-06T13:06:21.720617+00:00
Books to Scrape,Poses for Artists Volume 1 - Dynamic and Sitting Poses: An Essential Reference for Figure Drawing and the Human Form,,41.06,1,,,,https://books.toscrape.com/catalogue/poses-for-artists-volume-1-dynamic-and-sitting-poses-an-essential-reference-for-figure-drawing-and-the-human-form_825/index.html,2026-10-06T13:06:21.720617+00:00
Books to Scrape,Poems That Make Grown Women Cry,,14.19,4,,,,https://books.toscrape.com/catalogue/poems-that-make-grown-women-cry_824/index.html,2026-10-06T13:06:21.721295+00:00
Books to Scrape,"Nightingale, Sing",,38.28,1,,,,https://books.toscrape.com/catalogue/nightingale-sing_823/index.html,2026-10-06T13:06:21.721295+00:00
Books to Scrape,Night Sky with Exit Wounds,,41.05,1,,,,https://books.toscrape.com/catalogue/night-sky-with-exit-wounds_822/index.html,2026-10-06T13:06:21.721295+00:00
Books to Scrape,Mrs. Houdini,,30.25,5,,,,https://books.toscrape.com/catalogue/mrs-houdini_821/index.html,2026-10-06T13:06:21.721295+00:00
Books to Scrape,Modern Romance,,28.26,5,,,,https://books.toscrape.com/catalogue/modern-romance_820/index.html,2026-10-06T13:06:22.936050+00:00
Books to Scrape,Miss Peregrine’s Home for Peculiar Children (Miss Peregrine’s Peculiar Children #1),,10.76,1,,,,https://books.toscrape.com/catalogue/miss-peregrines-home-for-peculiar-children-miss-peregrines-peculiar-children-1_819/index.html,2026-10-06T13:06:22.937074+00:00
Books to Scrape,Louisa: The Extraordinary Life of Mrs. Adams,,16.85,2,,,,https://books.toscrape.com/catalogue/louisa-the-extraordinary-life-of-mrs-adams_818/index.html,2026-10-06T13:06:22.937074+00:00
Books to Scrape,Little Red,,13.47,3,,,,https://books.toscrape.com/catalogue/little-red_817/index.html,2026-10-06T13:06:22.937074+00:00
Books to Scrape,Library of Souls (Miss Peregrine’s Peculiar Children #3),,48.56,5,,,,https://books.toscrape.com/catalogue/library-of-souls-miss-peregrines-peculiar-children-3_816/index.html,2026-10-06T13:06:22.937074+00:00
Books to Scrape,Large Print Heart of the Pride,,19.15,2,,,,https://books.toscrape.com/catalogue/large-print-heart-of-the-pride_815/index.html,2026-10-06T13:06:22.937074+00:00
Books to Scrape,I Had a Nice Time And Other Lies...: How to find love & sh*t like that,,57.36,4,,,,https://books.toscrape.com/catalogue/i-had-a-nice-time-and-other-lies-how-to-find-love-sht-like-that_814/index.html,2026-10-06T13:06:22.938046+00:00
Books to Scrape,Hollow City (Miss Peregrine’s Peculiar Children #2),,42.98,1,,,,https://books.toscrape.com/catalogue/hollow-city-miss-peregrines-peculiar-children-2_813/index.html,2026-10-06T13:06:22.938046+00:00
Books to Scrape,Grumbles,,22.16,2,,,,https://books.toscrape.com/catalogue/grumbles_812/index.html,2026-10-06T13:06:22.938634+00:00
Books to Scrape,Full Moon over Noah’s Ark: An Odyssey to Mount Ararat and Beyond,,49.43,4,,,,https://books.toscrape.com/catalogue/full-moon-over-noahs-ark-an-odyssey-to-mount-ararat-and-beyond_811/index.html,2026-10-06T13:06:22.938634+00:00
Books to Scrape,Frostbite (Vampire Academy #2),,29.99,5,,,,https://books.toscrape.com/catalogue/frostbite-vampire-academy-2_810/index.html,2026-10-06T13:06:22.938634+00:00
Books to Scrape,Follow You Home,,21.36,1,,,,https://books.toscrape.com/catalogue/follow-you-home_809/index.html,2026-10-06T13:06:22.938634+00:00
Books to Scrape,First Steps for New Christians (Print Edition),,29.0,1,,,,https://books.toscrape.com/catalogue/first-steps-for-new-christians-print-edition_808/index.html,2026-10-06T13:06:22.938634+00:00
Books to Scrape,Finders Keepers (Bill Hodges Trilogy #2),,53.53,5,,,,https://books.toscrape.com/catalogue/finders-keepers-bill-hodges-trilogy-2_807/index.html,2026-10-06T13:06:22.939650+00:00
Books to Scrape,"Fables, Vol. 1: Legends in Exile (Fables #1)",,41.62,4,,,,https://books.toscrape.com/catalogue/fables-vol-1-legends-in-exile-fables-1_806/index.html,2026-10-06T13:06:22.939650+00:00
Books to Scrape,Eureka Trivia 6.0,,54.59,4,,,,https://books.toscrape.com/catalogue/eureka-trivia-60_805/index.html,2026-10-06T13:06:22.939650+00:00
Books to Scrape,Drive: The Surprising Truth About What Motivates Us,,34.95,4,,,,https://books.toscrape.com/catalogue/drive-the-surprising-truth-about-what-motivates-us_804/index.html,2026-10-06T13:06:22.939650+00:00
Books to Scrape,Done Rubbed Out (Reightman & Bailey #1),,37.72,5,,,,https://books.toscrape.com/catalogue/done-rubbed-out-reightman-bailey-1_803/index.html,2026-10-06T13:06:22.940657+00:00
Books to Scrape,Doing It Over (Most Likely To #1),,35.61,3,,,,https://books.toscrape.com/catalogue/doing-it-over-most-likely-to-1_802/index.html,2026-10-06T13:06:22.940657+00:00
Books to Scrape,"Deliciously Ella Every Day: Quick and Easy Recipes for Gluten-Free Snacks, Packed Lunches, and Simple Meals",,42.16,3,,,,https://books.toscrape.com/catalogue/deliciously-ella-every-day-quick-and-easy-recipes-for-gluten-free-snacks-packed-lunches-and-simple-meals_801/index.html,2026-10-06T13:06:22.940657+00:00
Books to Scrape,Dark Notes,,19.19,5,,,,https://books.toscrape.com/catalogue/dark-notes_800/index.html,2026-10-06T13:06:24.118195+00:00
Books to Scrape,"Daring Greatly: How the Courage to Be Vulnerable Transforms the Way We Live, Love, Parent, and Lead",,19.43,3,,,,https://books.toscrape.com/catalogue/daring-greatly-how-the-courage-to-be-vulnerable-transforms-the-way-we-live-love-parent-and-lead_799/index.html,2026-10-06T13:06:24.119204+00:00
Books to Scrape,Close to You,,49.46,4,,,,https://books.toscrape.com/catalogue/close-to-you_798/index.html,2026-10-06T13:06:24.119204+00:00
Books to Scrape,Chasing Heaven: What Dying Taught Me About Living,,37.8,2,,,,https://books.toscrape.com/catalogue/chasing-heaven-what-dying-taught-me-about-living_797/index.html,2026-10-06T13:06:24.119204+00:00
Books to Scrape,Big Magic: Creative Living Beyond Fear,,30.8,3,,,,https://books.toscrape.com/catalogue/big-magic-creative-living-beyond-fear_796/index.html,2026-10-06T13:06:24.119204+00:00
Books to Scrape,Becoming Wise: An Inquiry into the Mystery and Art of Living,,27.43,2,,,,https://books.toscrape.com/catalogue/becoming-wise-an-inquiry-into-the-mystery-and-art-of-living_795/index.html,2026-10-06T13:06:24.119204+00:00
Books to Scrape,Beauty Restored (Riley Family Legacy Novellas #3),,11.11,2,,,,https://books.toscrape.com/catalogue/beauty-restored-riley-family-legacy-novellas-3_794/index.html,2026-10-06T13:06:24.120203+00:00
Books to Scrape,Batman: The Long Halloween (Batman),,36.5,2,,,,https://books.toscrape.com/catalogue/batman-the-long-halloween-batman_793/index.html,2026-10-06T13:06:24.120203+00:00
Books to Scrape,Batman: The Dark Knight Returns (Batman),,15.38,5,,,,https://books.toscrape.com/catalogue/batman-the-dark-knight-returns-batman_792/index.html,2026-10-06T13:06:24.120203+00:00
Books to Scrape,Ayumi's Violin,,15.48,2,,,,https://books.toscrape.com/catalogue/ayumis-violin_791/index.html,2026-10-06T13:06:24.120203+00:00
Books to Scrape,Anonymous,,46.82,4,,,,https://books.toscrape.com/catalogue/anonymous_790/index.html,2026-10-06T13:06:24.120203+00:00
Books to Scrape,Amy Meets the Saints and Sages,,18.46,3,,,,https://books.toscrape.com/catalogue/amy-meets-the-saints-and-sages_789/index.html,2026-10-06T13:06:24.121203+00:00
Books to Scrape,Amid the Chaos,,36.58,1,,,,https://books.toscrape.com/catalogue/amid-the-chaos_788/index.html,2026-10-06T13:06:24.121203+00:00
Books to Scrape,Amatus,,50.54,5,,,,https://books.toscrape.com/catalogue/amatus_787/index.html,2026-10-06T13:06:24.121203+00:00
Books to Scrape,Agnostic: A Spirited Manifesto,,12.51,5,,,,https://books.toscrape.com/catalogue/agnostic-a-spirited-manifesto_786/index.html,2026-10-06T13:06:24.121203+00:00
Books to Scrape,Zealot: The Life and Times of Jesus of Nazareth,,24.7,3,,,,https://books.toscrape.com/catalogue/zealot-the-life-and-times-of-jesus-of-nazareth_785/index.html,2026-10-06T13:06:24.121203+00:00
Books to Scrape,You (You #1),,43.61,5,,,,https://books.toscrape.com/catalogue/you-you-1_784/index.html,2026-10-06T13:06:24.121203+00:00
Books to Scrape,"Wonder Woman: Earth One, Volume One (Wonder Woman: Earth One #1)",,37.34,4,,,,https://books.toscrape.com/catalogue/wonder-woman-earth-one-volume-one-wonder-woman-earth-one-1_783/index.html,2026-10-06T13:06:24.122203+00:00
Books to Scrape,Wild Swans,,14.36,2,,,,https://books.toscrape.com/catalogue/wild-swans_782/index.html,2026-10-06T13:06:24.122203+00:00
Books to Scrape,Why the Right Went Wrong: Conservatism--From Goldwater to the Tea Party and Beyond,,52.65,4,,,,https://books.toscrape.com/catalogue/why-the-right-went-wrong-conservatism-from-goldwater-to-the-tea-party-and-beyond_781/index.html,2026-10-06T13:06:24.122203+00:00
Books to Scrape,Whole Lotta Creativity Going On: 60 Fun and Unusual Exercises to Awaken and Strengthen Your Creativity,,38.2,4,,,,https://books.toscrape.com/catalogue/whole-lotta-creativity-going-on-60-fun-and-unusual-exercises-to-awaken-and-strengthen-your-creativity_780/index.html,2026-10-06T13:06:25.292716+00:00
Books to Scrape,What's It Like in Space?: Stories from Astronauts Who've Been There,,19.6,2,,,,https://books.toscrape.com/catalogue/whats-it-like-in-space-stories-from-astronauts-whove-been-there_779/index.html,2026-10-06T13:06:25.292716+00:00
Books to Scrape,"We Are Robin, Vol. 1: The Vigilante Business (We Are Robin #1)",,53.9,1,,,,https://books.toscrape.com/catalogue/we-are-robin-vol-1-the-vigilante-business-we-are-robin-1_778/index.html,2026-10-06T13:06:25.292716+00:00
Books to Scrape,Walt Disney's Alice in Wonderland,,12.96,5,,,,https://books.toscrape.com/catalogue/walt-disneys-alice-in-wonderland_777/index.html,2026-10-06T13:06:25.292716+00:00
Books to Scrape,V for Vendetta (V for Vendetta Complete),,37.1,4,,,,https://books.toscrape.com/catalogue/v-for-vendetta-v-for-vendetta-complete_776/index.html,2026-10-06T13:06:25.293750+00:00
Books to Scrape,Until Friday Night (The Field Party #1),,46.31,2,,,,https://books.toscrape.com/catalogue/until-friday-night-the-field-party-1_775/index.html,2026-10-06T13:06:25.293750+00:00
Books to Scrape,"Unbroken: A World War II Story of Survival, Resilience, and Redemption",,45.95,2,,,,https://books.toscrape.com/catalogue/unbroken-a-world-war-ii-story-of-survival-resilience-and-redemption_774/index.html,2026-10-06T13:06:25.293750+00:00
Books to Scrape,Twenty Yawns,,22.08,2,,,,https://books.toscrape.com/catalogue/twenty-yawns_773/index.html,2026-10-06T13:06:25.293750+00:00
Books to Scrape,Through the Woods,,25.38,2,,,,https://books.toscrape.com/catalogue/through-the-woods_772/index.html,2026-10-06T13:06:25.293750+00:00
Books to Scrape,This Is Where It Ends,,27.12,2,,,,https://books.toscrape.com/catalogue/this-is-where-it-ends_771/index.html,2026-10-06T13:06:25.294752+00:00
Books to Scrape,The Year of Magical Thinking,,43.04,2,,,,https://books.toscrape.com/catalogue/the-year-of-magical-thinking_770/index.html,2026-10-06T13:06:25.294752+00:00
Books to Scrape,The Wright Brothers,,56.8,4,,,,https://books.toscrape.com/catalogue/the-wright-brothers_769/index.html,2026-10-06T13:06:25.294752+00:00
Books to Scrape,The White Queen (The Cousins' War #1),,25.91,5,,,,https://books.toscrape.com/catalogue/the-white-queen-the-cousins-war-1_768/index.html,2026-10-06T13:06:25.294752+00:00
Books to Scrape,The Wedding Pact (The O'Malleys #2),,32.61,3,,,,https://books.toscrape.com/catalogue/the-wedding-pact-the-omalleys-2_767/index.html,2026-10-06T13:06:25.295750+00:00
Books to Scrape,The Time Keeper,,27.88,5,,,,https://books.toscrape.com/catalogue/the-time-keeper_766/index.html,2026-10-06T13:06:25.295750+00:00
Books to Scrape,The Testament of Mary,,52.67,4,,,,https://books.toscrape.com/catalogue/the-testament-of-mary_765/index.html,2026-10-06T13:06:25.295750+00:00
Books to Scrape,The Star-Touched Queen,,46.02,5,,,,https://books.toscrape.com/catalogue/the-star-touched-queen_764/index.html,2026-10-06T13:06:25.295750+00:00
Books to Scrape,The Songs of the Gods,,44.48,5,,,,https://books.toscrape.com/catalogue/the-songs-of-the-gods_763/index.html,2026-10-06T13:06:25.296751+00:00
Books to Scrape,The Song of Achilles,,37.4,5,,,,https://books.toscrape.com/catalogue/the-song-of-achilles_762/index.html,2026-10-06T13:06:25.296751+00:00
Books to Scrape,The Rosie Project (Don Tillman #1),,54.04,1,,,,https://books.toscrape.com/catalogue/the-rosie-project-don-tillman-1_761/index.html,2026-10-06T13:06:25.296751+00:00
Books to Scrape,The Power of Habit: Why We Do What We Do in Life and Business,,16.88,3,,,,https://books.toscrape.com/catalogue/the-power-of-habit-why-we-do-what-we-do-in-life-and-business_760/index.html,2026-10-06T13:06:27.830274+00:00
Books to Scrape,The Marriage of Opposites,,28.08,4,,,,https://books.toscrape.com/catalogue/the-marriage-of-opposites_759/index.html,2026-10-06T13:06:27.831275+00:00
Books to Scrape,The Lucifer Effect: Understanding How Good People Turn Evil,,10.4,1,,,,https://books.toscrape.com/catalogue/the-lucifer-effect-understanding-how-good-people-turn-evil_758/index.html,2026-10-06T13:06:27.831275+00:00
Books to Scrape,The Long Haul (Diary of a Wimpy Kid #9),,44.07,1,,,,https://books.toscrape.com/catalogue/the-long-haul-diary-of-a-wimpy-kid-9_757/index.html,2026-10-06T13:06:27.831275+00:00
Books to Scrape,The Loney,,23.4,1,,,,https://books.toscrape.com/catalogue/the-loney_756/index.html,2026-10-06T13:06:27.831275+00:00
Books to Scrape,The Literature Book (Big Ideas Simply Explained),,17.43,3,,,,https://books.toscrape.com/catalogue/the-literature-book-big-ideas-simply-explained_755/index.html,2026-10-06T13:06:27.832274+00:00
Books to Scrape,The Last Mile (Amos Decker #2),,54.21,2,,,,https://books.toscrape.com/catalogue/the-last-mile-amos-decker-2_754/index.html,2026-10-06T13:06:27.832274+00:00
Books to Scrape,The Immortal Life of Henrietta Lacks,,40.67,2,,,,https://books.toscrape.com/catalogue/the-immortal-life-of-henrietta-lacks_753/index.html,2026-10-06T13:06:27.832274+00:00
Books to Scrape,The Hidden Oracle (The Trials of Apollo #1),,52.26,2,,,,https://books.toscrape.com/catalogue/the-hidden-oracle-the-trials-of-apollo-1_752/index.html,2026-10-06T13:06:27.832274+00:00
Books to Scrape,The Help Yourself Cookbook for Kids: 60 Easy Plant-Based Recipes Kids Can Make to Stay Healthy and Save the Earth,,28.77,3,,,,https://books.toscrape.com/catalogue/the-help-yourself-cookbook-for-kids-60-easy-plant-based-recipes-kids-can-make-to-stay-healthy-and-save-the-earth_751/index.html,2026-10-06T13:06:27.832274+00:00
Books to Scrape,The Guilty (Will Robie #4),,13.82,2,,,,https://books.toscrape.com/catalogue/the-guilty-will-robie-4_750/index.html,2026-10-06T13:06:27.833275+00:00
Books to Scrape,The First Hostage (J.B. Collins #2),,25.85,3,,,,https://books.toscrape.com/catalogue/the-first-hostage-jb-collins-2_749/index.html,2026-10-06T13:06:27.833275+00:00
Books to Scrape,The Dovekeepers,,48.78,1,,,,https://books.toscrape.com/catalogue/the-dovekeepers_748/index.html,2026-10-06T13:06:27.833275+00:00
Books to Scrape,The Darkest Lie,,35.35,5,,,,https://books.toscrape.com/catalogue/the-darkest-lie_747/index.html,2026-10-06T13:06:27.833275+00:00
Books to Scrape,The Bane Chronicles (The Bane Chronicles #1-11),,44.73,4,,,,https://books.toscrape.com/catalogue/the-bane-chronicles-the-bane-chronicles-1-11_746/index.html,2026-10-06T13:06:27.833275+00:00
Books to Scrape,The Bad-Ass Librarians of Timbuktu: And Their Race to Save the World’s Most Precious Manuscripts,,15.77,1,,,,https://books.toscrape.com/catalogue/the-bad-ass-librarians-of-timbuktu-and-their-race-to-save-the-worlds-most-precious-manuscripts_745/index.html,2026-10-06T13:06:27.834271+00:00
Books to Scrape,The 14th Colony (Cotton Malone #11),,39.24,1,,,,https://books.toscrape.com/catalogue/the-14th-colony-cotton-malone-11_744/index.html,2026-10-06T13:06:27.834271+00:00
Books to Scrape,That Darkness (Gardiner and Renner #1),,13.92,1,,,,https://books.toscrape.com/catalogue/that-darkness-gardiner-and-renner-1_743/index.html,2026-10-06T13:06:27.834271+00:00
Books to Scrape,Tastes Like Fear (DI Marnie Rome #3),,10.69,1,,,,https://books.toscrape.com/catalogue/tastes-like-fear-di-marnie-rome-3_742/index.html,2026-10-06T13:06:27.834271+00:00
Books to Scrape,Take Me with You,,45.21,3,,,,https://books.toscrape.com/catalogue/take-me-with-you_741/index.html,2026-10-06T13:06:27.834271+00:00
Books to Scrape,Swell: A Year of Waves,,45.58,1,,,,https://books.toscrape.com/catalogue/swell-a-year-of-waves_740/index.html,2026-10-06T13:06:31.622509+00:00
Books to Scrape,Superman Vol. 1: Before Truth (Superman by Gene Luen Yang #1),,11.89,5,,,,https://books.toscrape.com/catalogue/superman-vol-1-before-truth-superman-by-gene-luen-yang-1_739/index.html,2026-10-06T13:06:31.622509+00:00
Books to Scrape,Still Life with Bread Crumbs,,26.41,3,,,,https://books.toscrape.com/catalogue/still-life-with-bread-crumbs_738/index.html,2026-10-06T13:06:31.624027+00:00
Books to Scrape,Steve Jobs,,39.5,5,,,,https://books.toscrape.com/catalogue/steve-jobs_737/index.html,2026-10-06T13:06:31.624635+00:00
Books to Scrape,Sorting the Beef from the Bull: The Science of Food Fraud Forensics,,44.74,4,,,,https://books.toscrape.com/catalogue/sorting-the-beef-from-the-bull-the-science-of-food-fraud-forensics_736/index.html,2026-10-06T13:06:31.624635+00:00
Books to Scrape,Someone Like You (The Harrisons #2),,52.79,5,,,,https://books.toscrape.com/catalogue/someone-like-you-the-harrisons-2_735/index.html,2026-10-06T13:06:31.625173+00:00
Books to Scrape,"So Cute It Hurts!!, Vol. 6 (So Cute It Hurts!! #6)",,35.43,4,,,,https://books.toscrape.com/catalogue/so-cute-it-hurts-vol-6-so-cute-it-hurts-6_734/index.html,2026-10-06T13:06:31.625173+00:00
Books to Scrape,Shtum,,55.84,4,,,,https://books.toscrape.com/catalogue/shtum_733/index.html,2026-10-06T13:06:31.626182+00:00
Books to Scrape,See America: A Celebration of Our National Parks & Treasured Sites,,48.87,3,,,,https://books.toscrape.com/catalogue/see-america-a-celebration-of-our-national-parks-treasured-sites_732/index.html,2026-10-06T13:06:31.626182+00:00
Books to Scrape,salt.,,46.78,4,,,,https://books.toscrape.com/catalogue/salt_731/index.html,2026-10-06T13:06:31.627180+00:00
Books to Scrape,Robin War,,47.82,3,,,,https://books.toscrape.com/catalogue/robin-war_730/index.html,2026-10-06T13:06:31.628180+00:00
Books to Scrape,"Red Hood/Arsenal, Vol. 1: Open for Business (Red Hood/Arsenal #1)",,25.48,2,,,,https://books.toscrape.com/catalogue/red-hoodarsenal-vol-1-open-for-business-red-hoodarsenal-1_729/index.html,2026-10-06T13:06:31.628687+00:00
Books to Scrape,Rain Fish,,23.57,3,,,,https://books.toscrape.com/catalogue/rain-fish_728/index.html,2026-10-06T13:06:31.628687+00:00
Books to Scrape,"Quarter Life Poetry: Poems for the Young, Broke and Hangry",,50.89,5,,,,https://books.toscrape.com/catalogue/quarter-life-poetry-poems-for-the-young-broke-and-hangry_727/index.html,2026-10-06T13:06:31.628687+00:00
Books to Scrape,Pet Sematary,,10.56,3,,,,https://books.toscrape.com/catalogue/pet-sematary_726/index.html,2026-10-06T13:06:31.628687+00:00
Books to Scrape,"Overload: How to Unplug, Unwind, and Unleash Yourself from the Pressure of Stress",,52.15,3,,,,https://books.toscrape.com/catalogue/overload-how-to-unplug-unwind-and-unleash-yourself-from-the-pressure-of-stress_725/index.html,2026-10-06T13:06:31.628687+00:00
Books to Scrape,Once Was a Time,,18.28,2,,,,https://books.toscrape.com/catalogue/once-was-a-time_724/index.html,2026-10-06T13:06:31.629744+00:00
Books to Scrape,Old School (Diary of a Wimpy Kid #10),,11.83,5,,,,https://books.toscrape.com/catalogue/old-school-diary-of-a-wimpy-kid-10_723/index.html,2026-10-06T13:06:31.629744+00:00
Books to Scrape,No Dream Is Too High: Life Lessons From a Man Who Walked on the Moon,,21.95,2,,,,https://books.toscrape.com/catalogue/no-dream-is-too-high-life-lessons-from-a-man-who-walked-on-the-moon_722/index.html,2026-10-06T13:06:31.629744+00:00
Books to Scrape,"Naruto (3-in-1 Edition), Vol. 14: Includes Vols. 40, 41 & 42 (Naruto: Omnibus #14)",,38.39,2,,,,https://books.toscrape.com/catalogue/naruto-3-in-1-edition-vol-14-includes-vols-40-41-42-naruto-omnibus-14_721/index.html,2026-10-06T13:06:31.629744+00:00
Books to Scrape,My Name Is Lucy Barton,,41.56,1,,,,https://books.toscrape.com/catalogue/my-name-is-lucy-barton_720/index.html,2026-10-06T13:06:34.806084+00:00
Books to Scrape,My Mrs. Brown,,24.48,3,,,,https://books.toscrape.com/catalogue/my-mrs-brown_719/index.html,2026-10-06T13:06:34.807007+00:00
Books to Scrape,My Kind of Crazy,,40.36,1,,,,https://books.toscrape.com/catalogue/my-kind-of-crazy_718/index.html,2026-10-06T13:06:34.807007+00:00
Books to Scrape,Mr. Mercedes (Bill Hodges Trilogy #1),,28.9,1,,,,https://books.toscrape.com/catalogue/mr-mercedes-bill-hodges-trilogy-1_717/index.html,2026-10-06T13:06:34.808518+00:00
Books to Scrape,More Than Music (Chasing the Dream #1),,37.61,2,,,,https://books.toscrape.com/catalogue/more-than-music-chasing-the-dream-1_716/index.html,2026-10-06T13:06:34.808518+00:00
Books to Scrape,Made to Stick: Why Some Ideas Survive and Others Die,,38.85,5,,,,https://books.toscrape.com/catalogue/made-to-stick-why-some-ideas-survive-and-others-die_715/index.html,2026-10-06T13:06:34.809528+00:00
Books to Scrape,Luis Paints the World,,53.95,3,,,,https://books.toscrape.com/catalogue/luis-paints-the-world_714/index.html,2026-10-06T13:06:34.809528+00:00
Books to Scrape,Luckiest Girl Alive,,49.83,3,,,,https://books.toscrape.com/catalogue/luckiest-girl-alive_713/index.html,2026-10-06T13:06:34.810537+00:00
Books to Scrape,Lowriders to the Center of the Earth (Lowriders in Space #2),,51.51,2,,,,https://books.toscrape.com/catalogue/lowriders-to-the-center-of-the-earth-lowriders-in-space-2_712/index.html,2026-10-06T13:06:34.810537+00:00
Books to Scrape,Love Is a Mix Tape (Music #1),,18.03,1,,,,https://books.toscrape.com/catalogue/love-is-a-mix-tape-music-1_711/index.html,2026-10-06T13:06:34.811539+00:00
Books to Scrape,Looking for Lovely: Collecting the Moments that Matter,,29.14,5,,,,https://books.toscrape.com/catalogue/looking-for-lovely-collecting-the-moments-that-matter_710/index.html,2026-10-06T13:06:34.812541+00:00
Books to Scrape,"Living Leadership by Insight: A Good Leader Achieves, a Great Leader Builds Monuments",,46.91,4,,,,https://books.toscrape.com/catalogue/living-leadership-by-insight-a-good-leader-achieves-a-great-leader-builds-monuments_709/index.html,2026-10-06T13:06:34.813538+00:00
Books to Scrape,Let It Out: A Journey Through Journaling,,26.79,5,,,,https://books.toscrape.com/catalogue/let-it-out-a-journey-through-journaling_708/index.html,2026-10-06T13:06:34.813538+00:00
Books to Scrape,Lady Midnight (The Dark Artifices #1),,16.28,5,,,,https://books.toscrape.com/catalogue/lady-midnight-the-dark-artifices-1_707/index.html,2026-10-06T13:06:34.814541+00:00
Books to Scrape,"It's All Easy: Healthy, Delicious Weeknight Meals in under 30 Minutes",,19.55,1,,,,https://books.toscrape.com/catalogue/its-all-easy-healthy-delicious-weeknight-meals-in-under-30-minutes_706/index.html,2026-10-06T13:06:34.814541+00:00
Books to Scrape,Island of Dragons (Unwanteds #7),,29.65,1,,,,https://books.toscrape.com/catalogue/island-of-dragons-unwanteds-7_705/index.html,2026-10-06T13:06:34.815537+00:00
Books to Scrape,I Know What I'm Doing -- and Other Lies I Tell Myself: Dispatches from a Life Under Construction,,25.98,4,,,,https://books.toscrape.com/catalogue/i-know-what-im-doing-and-other-lies-i-tell-myself-dispatches-from-a-life-under-construction_704/index.html,2026-10-06T13:06:34.815537+00:00
Books to Scrape,I Am Pilgrim (Pilgrim #1),,10.6,4,,,,https://books.toscrape.com/catalogue/i-am-pilgrim-pilgrim-1_703/index.html,2026-10-06T13:06:34.815537+00:00
Books to Scrape,"Hyperbole and a Half: Unfortunate Situations, Flawed Coping Mechanisms, Mayhem, and Other Things That Happened",,14.75,5,,,,https://books.toscrape.com/catalogue/hyperbole-and-a-half-unfortunate-situations-flawed-coping-mechanisms-mayhem-and-other-things-that-happened_702/index.html,2026-10-06T13:06:34.816535+00:00
Books to Scrape,"Hush, Hush (Hush, Hush #1)",,47.02,3,,,,https://books.toscrape.com/catalogue/hush-hush-hush-hush-1_701/index.html,2026-10-06T13:06:34.816535+00:00
Books to Scrape,Hold Your Breath (Search and Rescue #1),,28.82,1,,,,https://books.toscrape.com/catalogue/hold-your-breath-search-and-rescue-1_700/index.html,2026-10-06T13:06:36.380891+00:00
Books to Scrape,Hamilton: The Revolution,,58.79,3,,,,https://books.toscrape.com/catalogue/hamilton-the-revolution_699/index.html,2026-10-06T13:06:36.380891+00:00
Books to Scrape,Greek Mythic History,,10.23,5,,,,https://books.toscrape.com/catalogue/greek-mythic-history_698/index.html,2026-10-06T13:06:36.380891+00:00
Books to Scrape,God: The Most Unpleasant Character in All Fiction,,30.03,5,,,,https://books.toscrape.com/catalogue/god-the-most-unpleasant-character-in-all-fiction_697/index.html,2026-10-06T13:06:36.381926+00:00
Books to Scrape,Glory over Everything: Beyond The Kitchen House,,45.84,3,,,,https://books.toscrape.com/catalogue/glory-over-everything-beyond-the-kitchen-house_696/index.html,2026-10-06T13:06:36.381926+00:00
Books to Scrape,Feathers: Displays of Brilliant Plumage,,49.05,3,,,,https://books.toscrape.com/catalogue/feathers-displays-of-brilliant-plumage_695/index.html,2026-10-06T13:06:36.381926+00:00
Books to Scrape,"Far & Away: Places on the Brink of Change: Seven Continents, Twenty-Five Years",,15.06,4,,,,https://books.toscrape.com/catalogue/far-away-places-on-the-brink-of-change-seven-continents-twenty-five-years_694/index.html,2026-10-06T13:06:36.381926+00:00
Books to Scrape,Every Last Word,,46.47,3,,,,https://books.toscrape.com/catalogue/every-last-word_693/index.html,2026-10-06T13:06:36.381926+00:00
Books to Scrape,Eligible (The Austen Project #4),,27.09,3,,,,https://books.toscrape.com/catalogue/eligible-the-austen-project-4_692/index.html,2026-10-06T13:06:36.382916+00:00
Books to Scrape,El Deafo,,57.62,5,,,,https://books.toscrape.com/catalogue/el-deafo_691/index.html,2026-10-06T13:06:36.382916+00:00
Books to Scrape,Eight Hundred Grapes,,14.39,4,,,,https://books.toscrape.com/catalogue/eight-hundred-grapes_690/index.html,2026-10-06T13:06:36.382916+00:00
Books to Scrape,"Eaternity: More than 150 Deliciously Easy Vegan Recipes for a Long, Healthy, Satisfied, Joyful Life",,51.75,5,,,,https://books.toscrape.com/catalogue/eaternity-more-than-150-deliciously-easy-vegan-recipes-for-a-long-healthy-satisfied-joyful-life_689/index.html,2026-10-06T13:06:36.382916+00:00
Books to Scrape,"Eat Fat, Get Thin",,54.07,2,,,,https://books.toscrape.com/catalogue/eat-fat-get-thin_688/index.html,2026-10-06T13:06:36.382916+00:00
Books to Scrape,Don't Get Caught,,55.35,1,,,,https://books.toscrape.com/catalogue/dont-get-caught_687/index.html,2026-10-06T13:06:36.383895+00:00
Books to Scrape,Doctor Sleep (The Shining #2),,40.12,2,,,,https://books.toscrape.com/catalogue/doctor-sleep-the-shining-2_686/index.html,2026-10-06T13:06:36.383895+00:00
Books to Scrape,Demigods & Magicians: Percy and Annabeth Meet the Kanes (Percy Jackson & Kane Chronicles Crossover #1-3),,37.51,5,,,,https://books.toscrape.com/catalogue/demigods-magicians-percy-and-annabeth-meet-the-kanes-percy-jackson-kane-chronicles-crossover-1-3_685/index.html,2026-10-06T13:06:36.383895+00:00
Books to Scrape,Dear Mr. Knightley,,11.21,5,,,,https://books.toscrape.com/catalogue/dear-mr-knightley_684/index.html,2026-10-06T13:06:36.383895+00:00
Books to Scrape,Daily Fantasy Sports,,36.58,1,,,,https://books.toscrape.com/catalogue/daily-fantasy-sports_683/index.html,2026-10-06T13:06:36.383895+00:00
Books to Scrape,Crazy Love: Overwhelmed by a Relentless God,,47.72,2,,,,https://books.toscrape.com/catalogue/crazy-love-overwhelmed-by-a-relentless-god_682/index.html,2026-10-06T13:06:36.384893+00:00
Books to Scrape,Cometh the Hour (The Clifton Chronicles #6),,25.01,3,,,,https://books.toscrape.com/catalogue/cometh-the-hour-the-clifton-chronicles-6_681/index.html,2026-10-06T13:06:36.384893+00:00
Books to Scrape,Code Name Verity (Code Name Verity #1),,22.13,4,,,,https://books.toscrape.com/catalogue/code-name-verity-code-name-verity-1_680/index.html,2026-10-06T13:06:37.304352+00:00
Books to Scrape,Clockwork Angel (The Infernal Devices #1),,44.14,1,,,,https://books.toscrape.com/catalogue/clockwork-angel-the-infernal-devices-1_679/index.html,2026-10-06T13:06:37.304352+00:00
Books to Scrape,City of Glass (The Mortal Instruments #3),,56.02,4,,,,https://books.toscrape.com/catalogue/city-of-glass-the-mortal-instruments-3_678/index.html,2026-10-06T13:06:37.305370+00:00
Books to Scrape,City of Fallen Angels (The Mortal Instruments #4),,11.23,4,,,,https://books.toscrape.com/catalogue/city-of-fallen-angels-the-mortal-instruments-4_677/index.html,2026-10-06T13:06:37.306336+00:00
Books to Scrape,City of Bones (The Mortal Instruments #1),,43.28,1,,,,https://books.toscrape.com/catalogue/city-of-bones-the-mortal-instruments-1_676/index.html,2026-10-06T13:06:37.306336+00:00
Books to Scrape,City of Ashes (The Mortal Instruments #2),,47.27,1,,,,https://books.toscrape.com/catalogue/city-of-ashes-the-mortal-instruments-2_675/index.html,2026-10-06T13:06:37.307281+00:00
Books to Scrape,Cell,,20.29,4,,,,https://books.toscrape.com/catalogue/cell_674/index.html,2026-10-06T13:06:37.307281+00:00
Books to Scrape,Catching Jordan (Hundred Oaks),,50.83,3,,,,https://books.toscrape.com/catalogue/catching-jordan-hundred-oaks_673/index.html,2026-10-06T13:06:37.307281+00:00
Books to Scrape,"Carry On, Warrior: Thoughts on Life Unarmed",,31.85,3,,,,https://books.toscrape.com/catalogue/carry-on-warrior-thoughts-on-life-unarmed_672/index.html,2026-10-06T13:06:37.308249+00:00
Books to Scrape,Carrie,,46.23,2,,,,https://books.toscrape.com/catalogue/carrie_671/index.html,2026-10-06T13:06:37.308758+00:00
Books to Scrape,Buying In: The Secret Dialogue Between What We Buy and Who We Are,,37.8,4,,,,https://books.toscrape.com/catalogue/buying-in-the-secret-dialogue-between-what-we-buy-and-who-we-are_670/index.html,2026-10-06T13:06:37.308758+00:00
Books to Scrape,Brain on Fire: My Month of Madness,,49.32,5,,,,https://books.toscrape.com/catalogue/brain-on-fire-my-month-of-madness_669/index.html,2026-10-06T13:06:37.309768+00:00
Books to Scrape,Batman: Europa,,32.01,2,,,,https://books.toscrape.com/catalogue/batman-europa_668/index.html,2026-10-06T13:06:37.309768+00:00
Books to Scrape,Barefoot Contessa Back to Basics,,28.01,1,,,,https://books.toscrape.com/catalogue/barefoot-contessa-back-to-basics_667/index.html,2026-10-06T13:06:37.310775+00:00
Books to Scrape,Barefoot Contessa at Home: Everyday Recipes You'll Make Over and Over Again,,50.62,5,,,,https://books.toscrape.com/catalogue/barefoot-contessa-at-home-everyday-recipes-youll-make-over-and-over-again_666/index.html,2026-10-06T13:06:37.310775+00:00
Books to Scrape,Balloon Animals,,17.03,3,,,,https://books.toscrape.com/catalogue/balloon-animals_665/index.html,2026-10-06T13:06:37.311775+00:00
Books to Scrape,Art Ops Vol. 1,,48.8,3,,,,https://books.toscrape.com/catalogue/art-ops-vol-1_664/index.html,2026-10-06T13:06:37.312775+00:00
Books to Scrape,Aristotle and Dante Discover the Secrets of the Universe (Aristotle and Dante Discover the Secrets of the Universe #1),,58.14,4,,,,https://books.toscrape.com/catalogue/aristotle-and-dante-discover-the-secrets-of-the-universe-aristotle-and-dante-discover-the-secrets-of-the-universe-1_663/index.html,2026-10-06T13:06:37.312775+00:00
Books to Scrape,Angels Walking (Angels Walking #1),,34.2,2,,,,https://books.toscrape.com/catalogue/angels-walking-angels-walking-1_662/index.html,2026-10-06T13:06:37.313775+00:00
Books to Scrape,Angels & Demons (Robert Langdon #1),,51.48,3,,,,https://books.toscrape.com/catalogue/angels-demons-robert-langdon-1_661/index.html,2026-10-06T13:06:37.313775+00:00
Books to Scrape,All the Light We Cannot See,,29.87,5,,,,https://books.toscrape.com/catalogue/all-the-light-we-cannot-see_660/index.html,2026-10-06T13:06:38.210603+00:00
Books to Scrape,"Adulthood Is a Myth: A ""Sarah's Scribbles"" Collection",,10.9,2,,,,https://books.toscrape.com/catalogue/adulthood-is-a-myth-a-sarahs-scribbles-collection_659/index.html,2026-10-06T13:06:38.211613+00:00
Books to Scrape,Abstract City,,56.37,5,,,,https://books.toscrape.com/catalogue/abstract-city_658/index.html,2026-10-06T13:06:38.211613+00:00
Books to Scrape,A Time of Torment (Charlie Parker #14),,48.35,5,,,,https://books.toscrape.com/catalogue/a-time-of-torment-charlie-parker-14_657/index.html,2026-10-06T13:06:38.212612+00:00
Books to Scrape,A Study in Scarlet (Sherlock Holmes #1),,16.73,2,,,,https://books.toscrape.com/catalogue/a-study-in-scarlet-sherlock-holmes-1_656/index.html,2026-10-06T13:06:38.212612+00:00
Books to Scrape,"A Series of Catastrophes and Miracles: A True Story of Love, Science, and Cancer",,56.48,2,,,,https://books.toscrape.com/catalogue/a-series-of-catastrophes-and-miracles-a-true-story-of-love-science-and-cancer_655/index.html,2026-10-06T13:06:38.213613+00:00
Books to Scrape,A People's History of the United States,,40.79,2,,,,https://books.toscrape.com/catalogue/a-peoples-history-of-the-united-states_654/index.html,2026-10-06T13:06:38.214614+00:00
Books to Scrape,A Man Called Ove,,39.72,1,,,,https://books.toscrape.com/catalogue/a-man-called-ove_653/index.html,2026-10-06T13:06:38.215613+00:00
Books to Scrape,A Distant Mirror: The Calamitous 14th Century,,14.58,3,,,,https://books.toscrape.com/catalogue/a-distant-mirror-the-calamitous-14th-century_652/index.html,2026-10-06T13:06:38.215613+00:00
Books to Scrape,A Brush of Wings (Angels Walking #3),,55.51,1,,,,https://books.toscrape.com/catalogue/a-brush-of-wings-angels-walking-3_651/index.html,2026-10-06T13:06:38.216611+00:00
Books to Scrape,1491: New Revelations of the Americas Before Columbus,,21.8,3,,,,https://books.toscrape.com/catalogue/1491-new-revelations-of-the-americas-before-columbus_650/index.html,2026-10-06T13:06:38.216611+00:00
Books to Scrape,"The Three Searches, Meaning, and the Story",,13.33,3,,,,https://books.toscrape.com/catalogue/the-three-searches-meaning-and-the-story_649/index.html,2026-10-06T13:06:38.216611+00:00
Books to Scrape,Searching for Meaning in Gailana,,38.73,1,,,,https://books.toscrape.com/catalogue/searching-for-meaning-in-gailana_648/index.html,2026-10-06T13:06:38.218119+00:00
Books to Scrape,Rook,,37.86,4,,,,https://books.toscrape.com/catalogue/rook_647/index.html,2026-10-06T13:06:38.218119+00:00
Books to Scrape,My Kitchen Year: 136 Recipes That Saved My Life,,11.53,2,,,,https://books.toscrape.com/catalogue/my-kitchen-year-136-recipes-that-saved-my-life_646/index.html,2026-10-06T13:06:38.218119+00:00
Books to Scrape,13 Hours: The Inside Account of What Really Happened In Benghazi,,27.06,1,,,,https://books.toscrape.com/catalogue/13-hours-the-inside-account-of-what-really-happened-in-benghazi_645/index.html,2026-10-06T13:06:38.219126+00:00
Books to Scrape,Will You Won't You Want Me?,,13.86,3,,,,https://books.toscrape.com/catalogue/will-you-wont-you-want-me_644/index.html,2026-10-06T13:06:38.219126+00:00
Books to Scrape,Tipping Point for Planet Earth: How Close Are We to the Edge?,,37.55,1,,,,https://books.toscrape.com/catalogue/tipping-point-for-planet-earth-how-close-are-we-to-the-edge_643/index.html,2026-10-06T13:06:38.220127+00:00
Books to Scrape,The Silent Sister (Riley MacPherson #1),,46.29,5,,,,https://books.toscrape.com/catalogue/the-silent-sister-riley-macpherson-1_641/index.html,2026-10-06T13:06:38.220127+00:00
Books to Scrape,The Midnight Watch: A Novel of the Titanic and the Californian,,26.2,1,,,,https://books.toscrape.com/catalogue/the-midnight-watch-a-novel-of-the-titanic-and-the-californian_640/index.html,2026-10-06T13:06:39.103634+00:00
Books to Scrape,The Lonely City: Adventures in the Art of Being Alone,,33.26,2,,,,https://books.toscrape.com/catalogue/the-lonely-city-adventures-in-the-art-of-being-alone_639/index.html,2026-10-06T13:06:39.104643+00:00
Books to Scrape,The Gray Rhino: How to Recognize and Act on the Obvious Dangers We Ignore,,59.15,4,,,,https://books.toscrape.com/catalogue/the-gray-rhino-how-to-recognize-and-act-on-the-obvious-dangers-we-ignore_638/index.html,2026-10-06T13:06:39.105647+00:00
Books to Scrape,The Golden Condom: And Other Essays on Love Lost and Found,,39.43,1,,,,https://books.toscrape.com/catalogue/the-golden-condom-and-other-essays-on-love-lost-and-found_637/index.html,2026-10-06T13:06:39.106641+00:00
Books to Scrape,The Epidemic (The Program 0.6),,14.44,5,,,,https://books.toscrape.com/catalogue/the-epidemic-the-program-06_636/index.html,2026-10-06T13:06:39.106641+00:00
Books to Scrape,The Dinner Party,,56.54,2,,,,https://books.toscrape.com/catalogue/the-dinner-party_635/index.html,2026-10-06T13:06:39.106641+00:00
Books to Scrape,The Diary of a Young Girl,,59.9,3,,,,https://books.toscrape.com/catalogue/the-diary-of-a-young-girl_634/index.html,2026-10-06T13:06:39.108151+00:00
Books to Scrape,The Children,,11.88,3,,,,https://books.toscrape.com/catalogue/the-children_633/index.html,2026-10-06T13:06:39.108151+00:00
Books to Scrape,Stars Above (The Lunar Chronicles #4.5),,48.05,2,,,,https://books.toscrape.com/catalogue/stars-above-the-lunar-chronicles-45_632/index.html,2026-10-06T13:06:39.109170+00:00
Books to Scrape,Snatched: How A Drug Queen Went Undercover for the DEA and Was Kidnapped By Colombian Guerillas,,21.21,3,,,,https://books.toscrape.com/catalogue/snatched-how-a-drug-queen-went-undercover-for-the-dea-and-was-kidnapped-by-colombian-guerillas_631/index.html,2026-10-06T13:06:39.110159+00:00
Books to Scrape,Raspberry Pi Electronics Projects for the Evil Genius,,49.67,4,,,,https://books.toscrape.com/catalogue/raspberry-pi-electronics-projects-for-the-evil-genius_630/index.html,2026-10-06T13:06:39.111175+00:00
Books to Scrape,Quench Your Own Thirst: Business Lessons Learned Over a Beer or Two,,43.14,1,,,,https://books.toscrape.com/catalogue/quench-your-own-thirst-business-lessons-learned-over-a-beer-or-two_629/index.html,2026-10-06T13:06:39.112173+00:00
Books to Scrape,Psycho: Sanitarium (Psycho #1.5),,36.97,5,,,,https://books.toscrape.com/catalogue/psycho-sanitarium-psycho-15_628/index.html,2026-10-06T13:06:39.113183+00:00
Books to Scrape,Poisonous (Max Revere Novels #3),,26.8,3,,,,https://books.toscrape.com/catalogue/poisonous-max-revere-novels-3_627/index.html,2026-10-06T13:06:39.114173+00:00
Books to Scrape,One with You (Crossfire #5),,15.71,4,,,,https://books.toscrape.com/catalogue/one-with-you-crossfire-5_626/index.html,2026-10-06T13:06:39.114173+00:00
Books to Scrape,No Love Allowed (Dodge Cove #1),,54.65,4,,,,https://books.toscrape.com/catalogue/no-love-allowed-dodge-cove-1_625/index.html,2026-10-06T13:06:39.115172+00:00
Books to Scrape,Murder at the 42nd Street Library (Raymond Ambler #1),,54.36,4,,,,https://books.toscrape.com/catalogue/murder-at-the-42nd-street-library-raymond-ambler-1_624/index.html,2026-10-06T13:06:39.115172+00:00
Books to Scrape,Most Wanted,,35.28,3,,,,https://books.toscrape.com/catalogue/most-wanted_623/index.html,2026-10-06T13:06:39.116172+00:00
Books to Scrape,"Love, Lies and Spies",,20.55,2,,,,https://books.toscrape.com/catalogue/love-lies-and-spies_622/index.html,2026-10-06T13:06:39.116172+00:00
Books to Scrape,How to Speak Golf: An Illustrated Guide to Links Lingo,,58.32,5,,,,https://books.toscrape.com/catalogue/how-to-speak-golf-an-illustrated-guide-to-links-lingo_621/index.html,2026-10-06T13:06:39.116172+00:00
Books to Scrape,Hide Away (Eve Duncan #20),,11.84,1,,,,https://books.toscrape.com/catalogue/hide-away-eve-duncan-20_620/index.html,2026-10-06T13:06:40.462712+00:00
Books to Scrape,Furiously Happy: A Funny Book About Horrible Things,,41.46,4,,,,https://books.toscrape.com/catalogue/furiously-happy-a-funny-book-about-horrible-things_619/index.html,2026-10-06T13:06:40.463756+00:00
Books to Scrape,Everyday Italian: 125 Simple and Delicious Recipes,,20.1,5,,,,https://books.toscrape.com/catalogue/everyday-italian-125-simple-and-delicious-recipes_618/index.html,2026-10-06T13:06:40.464747+00:00
Books to Scrape,Equal Is Unfair: America's Misguided Fight Against Income Inequality,,56.86,1,,,,https://books.toscrape.com/catalogue/equal-is-unfair-americas-misguided-fight-against-income-inequality_617/index.html,2026-10-06T13:06:40.465765+00:00
Books to Scrape,Eleanor & Park,,56.51,5,,,,https://books.toscrape.com/catalogue/eleanor-park_616/index.html,2026-10-06T13:06:40.466673+00:00
Books to Scrape,Dirty (Dive Bar #1),,40.83,4,,,,https://books.toscrape.com/catalogue/dirty-dive-bar-1_615/index.html,2026-10-06T13:06:40.466673+00:00
Books to Scrape,Can You Keep a Secret? (Fear Street Relaunch #4),,48.64,1,,,,https://books.toscrape.com/catalogue/can-you-keep-a-secret-fear-street-relaunch-4_614/index.html,2026-10-06T13:06:40.468255+00:00
Books to Scrape,Boar Island (Anna Pigeon #19),,59.48,3,,,,https://books.toscrape.com/catalogue/boar-island-anna-pigeon-19_613/index.html,2026-10-06T13:06:40.469269+00:00
Books to Scrape,A Paris Apartment,,39.01,4,,,,https://books.toscrape.com/catalogue/a-paris-apartment_612/index.html,2026-10-06T13:06:40.469269+00:00
Books to Scrape,"A la Mode: 120 Recipes in 60 Pairings: Pies, Tarts, Cakes, Crisps, and More Topped with Ice Cream, Gelato, Frozen Custard, and More",,38.77,1,,,,https://books.toscrape.com/catalogue/a-la-mode-120-recipes-in-60-pairings-pies-tarts-cakes-crisps-and-more-topped-with-ice-cream-gelato-frozen-custard-and-more_611/index.html,2026-10-06T13:06:40.469269+00:00
Books to Scrape,Troublemaker: Surviving Hollywood and Scientology,,48.39,2,,,,https://books.toscrape.com/catalogue/troublemaker-surviving-hollywood-and-scientology_610/index.html,2026-10-06T13:06:40.470283+00:00
Books to Scrape,The Widow,,27.26,2,,,,https://books.toscrape.com/catalogue/the-widow_609/index.html,2026-10-06T13:06:40.470283+00:00
Books to Scrape,"The Sleep Revolution: Transforming Your Life, One Night at a Time",,11.68,4,,,,https://books.toscrape.com/catalogue/the-sleep-revolution-transforming-your-life-one-night-at-a-time_608/index.html,2026-10-06T13:06:40.471290+00:00
Books to Scrape,The Improbability of Love,,59.45,1,,,,https://books.toscrape.com/catalogue/the-improbability-of-love_607/index.html,2026-10-06T13:06:40.472263+00:00
Books to Scrape,The Art of Startup Fundraising,,21.0,3,,,,https://books.toscrape.com/catalogue/the-art-of-startup-fundraising_606/index.html,2026-10-06T13:06:40.472263+00:00
Books to Scrape,Take Me Home Tonight (Rock Star Romance #3),,53.98,3,,,,https://books.toscrape.com/catalogue/take-me-home-tonight-rock-star-romance-3_605/index.html,2026-10-06T13:06:40.473265+00:00
Books to Scrape,Sleeping Giants (Themis Files #1),,48.74,1,,,,https://books.toscrape.com/catalogue/sleeping-giants-themis-files-1_604/index.html,2026-10-06T13:06:40.473265+00:00
Books to Scrape,"Setting the World on Fire: The Brief, Astonishing Life of St. Catherine of Siena",,21.15,2,,,,https://books.toscrape.com/catalogue/setting-the-world-on-fire-the-brief-astonishing-life-of-st-catherine-of-siena_603/index.html,2026-10-06T13:06:40.473265+00:00
Books to Scrape,Playing with Fire,,13.71,3,,,,https://books.toscrape.com/catalogue/playing-with-fire_602/index.html,2026-10-06T13:06:40.474271+00:00
Books to Scrape,Off the Hook (Fishing for Trouble #1),,47.67,3,,,,https://books.toscrape.com/catalogue/off-the-hook-fishing-for-trouble-1_601/index.html,2026-10-06T13:06:40.474271+00:00
Books to Scrape,Mothering Sunday,,13.34,2,,,,https://books.toscrape.com/catalogue/mothering-sunday_600/index.html,2026-10-06T13:06:41.344000+00:00
Books to Scrape,"Mother, Can You Not?",,16.89,5,,,,https://books.toscrape.com/catalogue/mother-can-you-not_599/index.html,2026-10-06T13:06:41.345001+00:00
Books to Scrape,M Train,,27.18,1,,,,https://books.toscrape.com/catalogue/m-train_598/index.html,2026-10-06T13:06:41.345001+00:00
Books to Scrape,Lilac Girls,,17.28,2,,,,https://books.toscrape.com/catalogue/lilac-girls_597/index.html,2026-10-06T13:06:41.346011+00:00
Books to Scrape,Lies and Other Acts of Love,,45.14,1,,,,https://books.toscrape.com/catalogue/lies-and-other-acts-of-love_596/index.html,2026-10-06T13:06:41.346011+00:00
Books to Scrape,Lab Girl,,40.85,1,,,,https://books.toscrape.com/catalogue/lab-girl_595/index.html,2026-10-06T13:06:41.347098+00:00
Books to Scrape,Keep Me Posted,,20.46,4,,,,https://books.toscrape.com/catalogue/keep-me-posted_594/index.html,2026-10-06T13:06:41.348072+00:00
Books to Scrape,It Didn't Start with You: How Inherited Family Trauma Shapes Who We Are and How to End the Cycle,,56.27,3,,,,https://books.toscrape.com/catalogue/it-didnt-start-with-you-how-inherited-family-trauma-shapes-who-we-are-and-how-to-end-the-cycle_593/index.html,2026-10-06T13:06:41.348676+00:00
Books to Scrape,Grey (Fifty Shades #4),,48.49,4,,,,https://books.toscrape.com/catalogue/grey-fifty-shades-4_592/index.html,2026-10-06T13:06:41.349682+00:00
Books to Scrape,"Exit, Pursued by a Bear",,51.34,4,,,,https://books.toscrape.com/catalogue/exit-pursued-by-a-bear_591/index.html,2026-10-06T13:06:41.350769+00:00
Books to Scrape,Daredevils,,16.34,3,,,,https://books.toscrape.com/catalogue/daredevils_590/index.html,2026-10-06T13:06:41.350769+00:00
Books to Scrape,Cravings: Recipes for What You Want to Eat,,20.5,3,,,,https://books.toscrape.com/catalogue/cravings-recipes-for-what-you-want-to-eat_589/index.html,2026-10-06T13:06:41.351757+00:00
Books to Scrape,Born for This: How to Find the Work You Were Meant to Do,,21.59,5,,,,https://books.toscrape.com/catalogue/born-for-this-how-to-find-the-work-you-were-meant-to-do_588/index.html,2026-10-06T13:06:41.352773+00:00
Books to Scrape,Arena,,21.36,4,,,,https://books.toscrape.com/catalogue/arena_587/index.html,2026-10-06T13:06:41.352773+00:00
Books to Scrape,Adultery,,20.88,5,,,,https://books.toscrape.com/catalogue/adultery_586/index.html,2026-10-06T13:06:41.353773+00:00
Books to Scrape,A Mother's Reckoning: Living in the Aftermath of Tragedy,,19.53,3,,,,https://books.toscrape.com/catalogue/a-mothers-reckoning-living-in-the-aftermath-of-tragedy_585/index.html,2026-10-06T13:06:41.354759+00:00
Books to Scrape,A Gentleman's Position (Society of Gentlemen #3),,14.75,5,,,,https://books.toscrape.com/catalogue/a-gentlemans-position-society-of-gentlemen-3_584/index.html,2026-10-06T13:06:41.354759+00:00
Books to Scrape,11/22/63,,48.48,3,,,,https://books.toscrape.com/catalogue/112263_583/index.html,2026-10-06T13:06:41.355763+00:00
Books to Scrape,"10% Happier: How I Tamed the Voice in My Head, Reduced Stress Without Losing My Edge, and Found Self-Help That Actually Works",,24.57,2,,,,https://books.toscrape.com/catalogue/10-happier-how-i-tamed-the-voice-in-my-head-reduced-stress-without-losing-my-edge-and-found-self-help-that-actually-works_582/index.html,2026-10-06T13:06:41.356684+00:00
Books to Scrape,10-Day Green Smoothie Cleanse: Lose Up to 15 Pounds in 10 Days!,,49.71,5,,,,https://books.toscrape.com/catalogue/10-day-green-smoothie-cleanse-lose-up-to-15-pounds-in-10-days_581/index.html,2026-10-06T13:06:41.356684+00:00
Books to Scrape,Without Shame,,48.27,5,,,,https://books.toscrape.com/catalogue/without-shame_580/index.html,2026-10-06T13:06:42.236722+00:00
Books to Scrape,Watchmen,,58.05,4,,,,https://books.toscrape.com/catalogue/watchmen_579/index.html,2026-10-06T13:06:42.236722+00:00
Books to Scrape,Unlimited Intuition Now,,58.87,4,,,,https://books.toscrape.com/catalogue/unlimited-intuition-now_578/index.html,2026-10-06T13:06:42.236722+00:00
Books to Scrape,Underlying Notes,,11.82,2,,,,https://books.toscrape.com/catalogue/underlying-notes_577/index.html,2026-10-06T13:06:42.238228+00:00
Books to Scrape,The Shack,,28.03,1,,,,https://books.toscrape.com/catalogue/the-shack_576/index.html,2026-10-06T13:06:42.238228+00:00
Books to Scrape,The New Brand You: Your New Image Makes the Sale for You,,44.05,5,,,,https://books.toscrape.com/catalogue/the-new-brand-you-your-new-image-makes-the-sale-for-you_575/index.html,2026-10-06T13:06:42.238228+00:00
Books to Scrape,"The Moosewood Cookbook: Recipes from Moosewood Restaurant, Ithaca, New York",,12.34,4,,,,https://books.toscrape.com/catalogue/the-moosewood-cookbook-recipes-from-moosewood-restaurant-ithaca-new-york_574/index.html,2026-10-06T13:06:42.239235+00:00
Books to Scrape,The Flowers Lied,,16.68,2,,,,https://books.toscrape.com/catalogue/the-flowers-lied_573/index.html,2026-10-06T13:06:42.239235+00:00
Books to Scrape,"The Fabric of the Cosmos: Space, Time, and the Texture of Reality",,55.91,1,,,,https://books.toscrape.com/catalogue/the-fabric-of-the-cosmos-space-time-and-the-texture-of-reality_572/index.html,2026-10-06T13:06:42.239235+00:00
Books to Scrape,The Book of Mormon,,24.57,3,,,,https://books.toscrape.com/catalogue/the-book-of-mormon_571/index.html,2026-10-06T13:06:42.240241+00:00
Books to Scrape,The Art and Science of Low Carbohydrate Living,,52.98,5,,,,https://books.toscrape.com/catalogue/the-art-and-science-of-low-carbohydrate-living_570/index.html,2026-10-06T13:06:42.240241+00:00
Books to Scrape,The Alien Club,,54.4,1,,,,https://books.toscrape.com/catalogue/the-alien-club_569/index.html,2026-10-06T13:06:42.241245+00:00
Books to Scrape,Suzie Snowflake: One beautiful flake (a self-esteem story),,54.81,5,,,,https://books.toscrape.com/catalogue/suzie-snowflake-one-beautiful-flake-a-self-esteem-story_568/index.html,2026-10-06T13:06:42.242326+00:00
Books to Scrape,Nap-a-Roo,,25.08,1,,,,https://books.toscrape.com/catalogue/nap-a-roo_567/index.html,2026-10-06T13:06:42.243338+00:00
Books to Scrape,"NaNo What Now? Finding your editing process, revising your NaNoWriMo book and building a writing career through publishing and beyond",,10.41,4,,,,https://books.toscrape.com/catalogue/nano-what-now-finding-your-editing-process-revising-your-nanowrimo-book-and-building-a-writing-career-through-publishing-and-beyond_566/index.html,2026-10-06T13:06:42.244241+00:00
Books to Scrape,Modern Day Fables,,47.44,2,,,,https://books.toscrape.com/catalogue/modern-day-fables_565/index.html,2026-10-06T13:06:42.245334+00:00
Books to Scrape,If I Gave You God's Phone Number....: Searching for Spirituality in America,,20.91,1,,,,https://books.toscrape.com/catalogue/if-i-gave-you-gods-phone-number-searching-for-spirituality-in-america_564/index.html,2026-10-06T13:06:42.246350+00:00
Books to Scrape,"Fruits Basket, Vol. 9 (Fruits Basket #9)",,33.95,4,,,,https://books.toscrape.com/catalogue/fruits-basket-vol-9-fruits-basket-9_563/index.html,2026-10-06T13:06:42.246350+00:00
Books to Scrape,Dress Your Family in Corduroy and Denim,,43.68,3,,,,https://books.toscrape.com/catalogue/dress-your-family-in-corduroy-and-denim_562/index.html,2026-10-06T13:06:42.246350+00:00
Books to Scrape,Don't Forget Steven,,33.23,1,,,,https://books.toscrape.com/catalogue/dont-forget-steven_561/index.html,2026-10-06T13:06:42.246350+00:00
Books to Scrape,Chernobyl 01:23:40: The Incredible True Story of the World's Worst Nuclear Disaster,,35.92,2,,,,https://books.toscrape.com/catalogue/chernobyl-012340-the-incredible-true-story-of-the-worlds-worst-nuclear-disaster_560/index.html,2026-10-06T13:06:43.136388+00:00
Books to Scrape,Art and Fear: Observations on the Perils (and Rewards) of Artmaking,,48.63,4,,,,https://books.toscrape.com/catalogue/art-and-fear-observations-on-the-perils-and-rewards-of-artmaking_559/index.html,2026-10-06T13:06:43.136388+00:00
Books to Scrape,A Shard of Ice (The Black Symphony Saga #1),,56.63,3,,,,https://books.toscrape.com/catalogue/a-shard-of-ice-the-black-symphony-saga-1_558/index.html,2026-10-06T13:06:43.136388+00:00
Books to Scrape,A Hero's Curse (The Unseen Chronicles #1),,50.49,3,,,,https://books.toscrape.com/catalogue/a-heros-curse-the-unseen-chronicles-1_557/index.html,2026-10-06T13:06:43.137907+00:00
Books to Scrape,23 Degrees South: A Tropical Tale of Changing Whether...,,35.79,2,,,,https://books.toscrape.com/catalogue/23-degrees-south-a-tropical-tale-of-changing-whether_556/index.html,2026-10-06T13:06:43.137907+00:00
Books to Scrape,"Zero to One: Notes on Startups, or How to Build the Future",,34.06,3,,,,https://books.toscrape.com/catalogue/zero-to-one-notes-on-startups-or-how-to-build-the-future_555/index.html,2026-10-06T13:06:43.138924+00:00
Books to Scrape,Why Not Me?,,17.76,1,,,,https://books.toscrape.com/catalogue/why-not-me_554/index.html,2026-10-06T13:06:43.138924+00:00
Books to Scrape,When Breath Becomes Air,,39.36,2,,,,https://books.toscrape.com/catalogue/when-breath-becomes-air_553/index.html,2026-10-06T13:06:43.138924+00:00
Books to Scrape,Vagabonding: An Uncommon Guide to the Art of Long-Term World Travel,,36.94,2,,,,https://books.toscrape.com/catalogue/vagabonding-an-uncommon-guide-to-the-art-of-long-term-world-travel_552/index.html,2026-10-06T13:06:43.138924+00:00
Books to Scrape,The Unlikely Pilgrimage of Harold Fry (Harold Fry #1),,43.62,5,,,,https://books.toscrape.com/catalogue/the-unlikely-pilgrimage-of-harold-fry-harold-fry-1_551/index.html,2026-10-06T13:06:43.138924+00:00
Books to Scrape,The New Drawing on the Right Side of the Brain,,43.02,3,,,,https://books.toscrape.com/catalogue/the-new-drawing-on-the-right-side-of-the-brain_550/index.html,2026-10-06T13:06:43.140310+00:00
Books to Scrape,"The Midnight Assassin: Panic, Scandal, and the Hunt for America's First Serial Killer",,28.45,4,,,,https://books.toscrape.com/catalogue/the-midnight-assassin-panic-scandal-and-the-hunt-for-americas-first-serial-killer_549/index.html,2026-10-06T13:06:43.140310+00:00
Books to Scrape,The Martian (The Martian #1),,41.39,2,,,,https://books.toscrape.com/catalogue/the-martian-the-martian-1_548/index.html,2026-10-06T13:06:43.140310+00:00
Books to Scrape,The High Mountains of Portugal,,51.15,1,,,,https://books.toscrape.com/catalogue/the-high-mountains-of-portugal_547/index.html,2026-10-06T13:06:43.141331+00:00
Books to Scrape,The Grownup,,35.88,1,,,,https://books.toscrape.com/catalogue/the-grownup_546/index.html,2026-10-06T13:06:43.141331+00:00
Books to Scrape,The E-Myth Revisited: Why Most Small Businesses Don't Work and What to Do About It,,36.91,1,,,,https://books.toscrape.com/catalogue/the-e-myth-revisited-why-most-small-businesses-dont-work-and-what-to-do-about-it_545/index.html,2026-10-06T13:06:43.142330+00:00
Books to Scrape,South of Sunshine,,28.93,1,,,,https://books.toscrape.com/catalogue/south-of-sunshine_544/index.html,2026-10-06T13:06:43.142330+00:00
Books to Scrape,Smarter Faster Better: The Secrets of Being Productive in Life and Business,,38.89,5,,,,https://books.toscrape.com/catalogue/smarter-faster-better-the-secrets-of-being-productive-in-life-and-business_543/index.html,2026-10-06T13:06:43.143375+00:00
Books to Scrape,Silence in the Dark (Logan Point #4),,58.33,3,,,,https://books.toscrape.com/catalogue/silence-in-the-dark-logan-point-4_542/index.html,2026-10-06T13:06:43.143375+00:00
Books to Scrape,Shadows of the Past (Logan Point #1),,39.67,5,,,,https://books.toscrape.com/catalogue/shadows-of-the-past-logan-point-1_541/index.html,2026-10-06T13:06:43.144325+00:00
Books to Scrape,Roller Girl,,14.1,5,,,,https://books.toscrape.com/catalogue/roller-girl_540/index.html,2026-10-06T13:06:44.005054+00:00
Books to Scrape,Rising Strong,,21.82,3,,,,https://books.toscrape.com/catalogue/rising-strong_539/index.html,2026-10-06T13:06:44.005054+00:00
Books to Scrape,Proofs of God: Classical Arguments from Tertullian to Barth,,54.21,1,,,,https://books.toscrape.com/catalogue/proofs-of-god-classical-arguments-from-tertullian-to-barth_538/index.html,2026-10-06T13:06:44.006070+00:00
Books to Scrape,Please Kill Me: The Uncensored Oral History of Punk,,31.19,4,,,,https://books.toscrape.com/catalogue/please-kill-me-the-uncensored-oral-history-of-punk_537/index.html,2026-10-06T13:06:44.006070+00:00
Books to Scrape,Out of Print: City Lights Spotlight No. 14,,53.64,5,,,,https://books.toscrape.com/catalogue/out-of-print-city-lights-spotlight-no-14_536/index.html,2026-10-06T13:06:44.006070+00:00
Books to Scrape,My Life Next Door (My Life Next Door ),,36.39,5,,,,https://books.toscrape.com/catalogue/my-life-next-door-my-life-next-door_535/index.html,2026-10-06T13:06:44.007055+00:00
Books to Scrape,Miller's Valley,,58.54,2,,,,https://books.toscrape.com/catalogue/millers-valley_534/index.html,2026-10-06T13:06:44.007055+00:00
Books to Scrape,Man's Search for Meaning,,29.48,3,,,,https://books.toscrape.com/catalogue/mans-search-for-meaning_533/index.html,2026-10-06T13:06:44.008083+00:00
Books to Scrape,"Love That Boy: What Two Presidents, Eight Road Trips, and My Son Taught Me About a Parent's Expectations",,25.06,2,,,,https://books.toscrape.com/catalogue/love-that-boy-what-two-presidents-eight-road-trips-and-my-son-taught-me-about-a-parents-expectations_532/index.html,2026-10-06T13:06:44.008597+00:00
Books to Scrape,Living Forward: A Proven Plan to Stop Drifting and Get the Life You Want,,12.55,3,,,,https://books.toscrape.com/catalogue/living-forward-a-proven-plan-to-stop-drifting-and-get-the-life-you-want_531/index.html,2026-10-06T13:06:44.009613+00:00
Books to Scrape,Les Fleurs du Mal,,29.04,5,,,,https://books.toscrape.com/catalogue/les-fleurs-du-mal_530/index.html,2026-10-06T13:06:44.010627+00:00
Books to Scrape,Left Behind (Left Behind #1),,40.72,2,,,,https://books.toscrape.com/catalogue/left-behind-left-behind-1_529/index.html,2026-10-06T13:06:44.011624+00:00
Books to Scrape,Kill 'Em and Leave: Searching for James Brown and the American Soul,,45.05,5,,,,https://books.toscrape.com/catalogue/kill-em-and-leave-searching-for-james-brown-and-the-american-soul_528/index.html,2026-10-06T13:06:44.011624+00:00
Books to Scrape,Kierkegaard: A Christian Missionary to Christians,,47.13,1,,,,https://books.toscrape.com/catalogue/kierkegaard-a-christian-missionary-to-christians_527/index.html,2026-10-06T13:06:44.012623+00:00
Books to Scrape,John Vassos: Industrial Design for Modern Life,,20.22,4,,,,https://books.toscrape.com/catalogue/john-vassos-industrial-design-for-modern-life_526/index.html,2026-10-06T13:06:44.012623+00:00
Books to Scrape,I'll Give You the Sun,,56.48,1,,,,https://books.toscrape.com/catalogue/ill-give-you-the-sun_525/index.html,2026-10-06T13:06:44.012623+00:00
Books to Scrape,I Will Find You,,44.21,1,,,,https://books.toscrape.com/catalogue/i-will-find-you_524/index.html,2026-10-06T13:06:44.013622+00:00
Books to Scrape,Hystopia: A Novel,,21.96,4,,,,https://books.toscrape.com/catalogue/hystopia-a-novel_523/index.html,2026-10-06T13:06:44.013622+00:00
Books to Scrape,Howl and Other Poems,,40.45,2,,,,https://books.toscrape.com/catalogue/howl-and-other-poems_522/index.html,2026-10-06T13:06:44.014621+00:00
Books to Scrape,History of Beauty,,10.29,4,,,,https://books.toscrape.com/catalogue/history-of-beauty_521/index.html,2026-10-06T13:06:44.014621+00:00
Books to Scrape,Heaven is for Real: A Little Boy's Astounding Story of His Trip to Heaven and Back,,52.86,2,,,,https://books.toscrape.com/catalogue/heaven-is-for-real-a-little-boys-astounding-story-of-his-trip-to-heaven-and-back_520/index.html,2026-10-06T13:06:45.205415+00:00
Books to Scrape,Future Shock (Future Shock #1),,55.65,5,,,,https://books.toscrape.com/catalogue/future-shock-future-shock-1_519/index.html,2026-10-06T13:06:45.205415+00:00
Books to Scrape,Ender's Game (The Ender Quintet #1),,43.64,1,,,,https://books.toscrape.com/catalogue/enders-game-the-ender-quintet-1_518/index.html,2026-10-06T13:06:45.206413+00:00
Books to Scrape,Diary of a Citizen Scientist: Chasing Tiger Beetles and Other New Ways of Engaging the World,,28.41,1,,,,https://books.toscrape.com/catalogue/diary-of-a-citizen-scientist-chasing-tiger-beetles-and-other-new-ways-of-engaging-the-world_517/index.html,2026-10-06T13:06:45.206413+00:00
Books to Scrape,Death by Leisure: A Cautionary Tale,,37.51,4,,,,https://books.toscrape.com/catalogue/death-by-leisure-a-cautionary-tale_516/index.html,2026-10-06T13:06:45.206413+00:00
Books to Scrape,Brilliant Beacons: A History of the American Lighthouse,,11.45,3,,,,https://books.toscrape.com/catalogue/brilliant-beacons-a-history-of-the-american-lighthouse_515/index.html,2026-10-06T13:06:45.206413+00:00
Books to Scrape,Brazen: The Courage to Find the You That's Been Hiding,,19.22,2,,,,https://books.toscrape.com/catalogue/brazen-the-courage-to-find-the-you-thats-been-hiding_514/index.html,2026-10-06T13:06:45.206413+00:00
Books to Scrape,Between the World and Me,,56.91,4,,,,https://books.toscrape.com/catalogue/between-the-world-and-me_513/index.html,2026-10-06T13:06:45.206413+00:00
Books to Scrape,Being Mortal: Medicine and What Matters in the End,,55.06,4,,,,https://books.toscrape.com/catalogue/being-mortal-medicine-and-what-matters-in-the-end_512/index.html,2026-10-06T13:06:45.206413+00:00
Books to Scrape,"A Murder Over a Girl: Justice, Gender, Junior High",,13.2,3,,,,https://books.toscrape.com/catalogue/a-murder-over-a-girl-justice-gender-junior-high_511/index.html,2026-10-06T13:06:45.207940+00:00
Books to Scrape,32 Yolks,,53.63,2,,,,https://books.toscrape.com/catalogue/32-yolks_510/index.html,2026-10-06T13:06:45.207940+00:00
Books to Scrape,"""Most Blessed of the Patriarchs"": Thomas Jefferson and the Empire of the Imagination",,44.48,5,,,,https://books.toscrape.com/catalogue/most-blessed-of-the-patriarchs-thomas-jefferson-and-the-empire-of-the-imagination_509/index.html,2026-10-06T13:06:45.207940+00:00
Books to Scrape,You Are a Badass: How to Stop Doubting Your Greatness and Start Living an Awesome Life,,12.08,3,,,,https://books.toscrape.com/catalogue/you-are-a-badass-how-to-stop-doubting-your-greatness-and-start-living-an-awesome-life_508/index.html,2026-10-06T13:06:45.208954+00:00
Books to Scrape,Wildlife of New York: A Five-Borough Coloring Book,,22.14,2,,,,https://books.toscrape.com/catalogue/wildlife-of-new-york-a-five-borough-coloring-book_507/index.html,2026-10-06T13:06:45.208954+00:00
Books to Scrape,What Happened on Beale Street (Secrets of the South Mysteries #2),,25.37,5,,,,https://books.toscrape.com/catalogue/what-happened-on-beale-street-secrets-of-the-south-mysteries-2_506/index.html,2026-10-06T13:06:45.209957+00:00
Books to Scrape,Unreasonable Hope: Finding Faith in the God Who Brings Purpose to Your Pain,,46.33,2,,,,https://books.toscrape.com/catalogue/unreasonable-hope-finding-faith-in-the-god-who-brings-purpose-to-your-pain_505/index.html,2026-10-06T13:06:45.209957+00:00
Books to Scrape,Under the Tuscan Sun,,37.33,3,,,,https://books.toscrape.com/catalogue/under-the-tuscan-sun_504/index.html,2026-10-06T13:06:45.210955+00:00
Books to Scrape,Toddlers Are A**holes: It's Not Your Fault,,25.55,1,,,,https://books.toscrape.com/catalogue/toddlers-are-aholes-its-not-your-fault_503/index.html,2026-10-06T13:06:45.210955+00:00
Books to Scrape,The Year of Living Biblically: One Man's Humble Quest to Follow the Bible as Literally as Possible,,34.72,1,,,,https://books.toscrape.com/catalogue/the-year-of-living-biblically-one-mans-humble-quest-to-follow-the-bible-as-literally-as-possible_502/index.html,2026-10-06T13:06:45.210955+00:00
Books to Scrape,The Whale,,35.96,4,,,,https://books.toscrape.com/catalogue/the-whale_501/index.html,2026-10-06T13:06:45.211960+00:00
Books to Scrape,The Story of Art,,41.14,4,,,,https://books.toscrape.com/catalogue/the-story-of-art_500/index.html,2026-10-06T13:06:46.093793+00:00
Books to Scrape,The Origin of Species,,10.01,4,,,,https://books.toscrape.com/catalogue/the-origin-of-species_499/index.html,2026-10-06T13:06:46.093793+00:00
Books to Scrape,The Great Gatsby,,36.05,4,,,,https://books.toscrape.com/catalogue/the-great-gatsby_498/index.html,2026-10-06T13:06:46.094878+00:00
Books to Scrape,The Good Girl,,49.03,3,,,,https://books.toscrape.com/catalogue/the-good-girl_497/index.html,2026-10-06T13:06:46.094878+00:00
Books to Scrape,The Glass Castle,,16.24,1,,,,https://books.toscrape.com/catalogue/the-glass-castle_496/index.html,2026-10-06T13:06:46.094878+00:00
Books to Scrape,The Faith of Christopher Hitchens: The Restless Soul of the World's Most Notorious Atheist,,39.55,1,,,,https://books.toscrape.com/catalogue/the-faith-of-christopher-hitchens-the-restless-soul-of-the-worlds-most-notorious-atheist_495/index.html,2026-10-06T13:06:46.095870+00:00
Books to Scrape,The Drowning Girls,,35.67,3,,,,https://books.toscrape.com/catalogue/the-drowning-girls_494/index.html,2026-10-06T13:06:46.095870+00:00
Books to Scrape,The Constant Princess (The Tudor Court #1),,16.62,3,,,,https://books.toscrape.com/catalogue/the-constant-princess-the-tudor-court-1_493/index.html,2026-10-06T13:06:46.095870+00:00
Books to Scrape,The Bourne Identity (Jason Bourne #1),,42.78,4,,,,https://books.toscrape.com/catalogue/the-bourne-identity-jason-bourne-1_492/index.html,2026-10-06T13:06:46.096873+00:00
Books to Scrape,The Bachelor Girl's Guide to Murder (Herringford and Watts Mysteries #1),,52.3,5,,,,https://books.toscrape.com/catalogue/the-bachelor-girls-guide-to-murder-herringford-and-watts-mysteries-1_491/index.html,2026-10-06T13:06:46.096873+00:00
Books to Scrape,The Art Book,,32.34,2,,,,https://books.toscrape.com/catalogue/the-art-book_490/index.html,2026-10-06T13:06:46.097871+00:00
Books to Scrape,The 7 Habits of Highly Effective People: Powerful Lessons in Personal Change,,33.17,4,,,,https://books.toscrape.com/catalogue/the-7-habits-of-highly-effective-people-powerful-lessons-in-personal-change_489/index.html,2026-10-06T13:06:46.097871+00:00
Books to Scrape,Team of Rivals: The Political Genius of Abraham Lincoln,,20.12,5,,,,https://books.toscrape.com/catalogue/team-of-rivals-the-political-genius-of-abraham-lincoln_488/index.html,2026-10-06T13:06:46.098493+00:00
Books to Scrape,Steal Like an Artist: 10 Things Nobody Told You About Being Creative,,20.9,2,,,,https://books.toscrape.com/catalogue/steal-like-an-artist-10-things-nobody-told-you-about-being-creative_487/index.html,2026-10-06T13:06:46.098493+00:00
Books to Scrape,"Sit, Stay, Love",,20.9,3,,,,https://books.toscrape.com/catalogue/sit-stay-love_486/index.html,2026-10-06T13:06:46.098493+00:00
Books to Scrape,Sister Dear,,40.2,4,,,,https://books.toscrape.com/catalogue/sister-dear_485/index.html,2026-10-06T13:06:46.099503+00:00
Books to Scrape,"Shrunken Treasures: Literary Classics, Short, Sweet, and Silly",,52.87,3,,,,https://books.toscrape.com/catalogue/shrunken-treasures-literary-classics-short-sweet-and-silly_484/index.html,2026-10-06T13:06:46.099503+00:00
Books to Scrape,"Rich Dad, Poor Dad",,51.74,1,,,,https://books.toscrape.com/catalogue/rich-dad-poor-dad_483/index.html,2026-10-06T13:06:46.099503+00:00
Books to Scrape,Raymie Nightingale,,34.41,2,,,,https://books.toscrape.com/catalogue/raymie-nightingale_482/index.html,2026-10-06T13:06:46.100572+00:00
Books to Scrape,Playing from the Heart,,32.38,1,,,,https://books.toscrape.com/catalogue/playing-from-the-heart_481/index.html,2026-10-06T13:06:46.100572+00:00
Books to Scrape,Nightstruck: A Novel,,50.35,4,,,,https://books.toscrape.com/catalogue/nightstruck-a-novel_480/index.html,2026-10-06T13:06:46.966107+00:00
Books to Scrape,"Naturally Lean: 125 Nourishing Gluten-Free, Plant-Based Recipes--All Under 300 Calories",,11.38,5,,,,https://books.toscrape.com/catalogue/naturally-lean-125-nourishing-gluten-free-plant-based-recipes-all-under-300-calories_479/index.html,2026-10-06T13:06:46.967104+00:00
Books to Scrape,Meternity,,43.58,3,,,,https://books.toscrape.com/catalogue/meternity_478/index.html,2026-10-06T13:06:46.968102+00:00
Books to Scrape,Memoirs of a Geisha,,49.67,3,,,,https://books.toscrape.com/catalogue/memoirs-of-a-geisha_477/index.html,2026-10-06T13:06:46.969242+00:00
Books to Scrape,Like Never Before (Walker Family #2),,28.77,2,,,,https://books.toscrape.com/catalogue/like-never-before-walker-family-2_476/index.html,2026-10-06T13:06:46.969767+00:00
Books to Scrape,Life of Pi,,13.22,4,,,,https://books.toscrape.com/catalogue/life-of-pi_475/index.html,2026-10-06T13:06:46.970828+00:00
Books to Scrape,Leave This Song Behind: Teen Poetry at Its Best,,51.17,5,,,,https://books.toscrape.com/catalogue/leave-this-song-behind-teen-poetry-at-its-best_474/index.html,2026-10-06T13:06:46.971359+00:00
Books to Scrape,King's Folly (The Kinsman Chronicles #1),,39.61,5,,,,https://books.toscrape.com/catalogue/kings-folly-the-kinsman-chronicles-1_473/index.html,2026-10-06T13:06:46.971891+00:00
Books to Scrape,John Adams,,57.43,4,,,,https://books.toscrape.com/catalogue/john-adams_472/index.html,2026-10-06T13:06:46.971891+00:00
Books to Scrape,How to Cook Everything Vegetarian: Simple Meatless Recipes for Great Food (How to Cook Everything),,46.01,4,,,,https://books.toscrape.com/catalogue/how-to-cook-everything-vegetarian-simple-meatless-recipes-for-great-food-how-to-cook-everything_471/index.html,2026-10-06T13:06:46.971891+00:00
Books to Scrape,How to Be a Domestic Goddess: Baking and the Art of Comfort Cooking,,28.25,2,,,,https://books.toscrape.com/catalogue/how-to-be-a-domestic-goddess-baking-and-the-art-of-comfort-cooking_470/index.html,2026-10-06T13:06:46.972899+00:00
Books to Scrape,Good in Bed (Cannie Shapiro #1),,37.05,5,,,,https://books.toscrape.com/catalogue/good-in-bed-cannie-shapiro-1_469/index.html,2026-10-06T13:06:46.972899+00:00
Books to Scrape,"Fruits Basket, Vol. 7 (Fruits Basket #7)",,19.57,1,,,,https://books.toscrape.com/catalogue/fruits-basket-vol-7-fruits-basket-7_468/index.html,2026-10-06T13:06:46.972899+00:00
Books to Scrape,For the Love: Fighting for Grace in a World of Impossible Standards,,45.13,3,,,,https://books.toscrape.com/catalogue/for-the-love-fighting-for-grace-in-a-world-of-impossible-standards_467/index.html,2026-10-06T13:06:46.973900+00:00
Books to Scrape,Finding God in the Ruins: How God Redeems Pain,,46.64,2,,,,https://books.toscrape.com/catalogue/finding-god-in-the-ruins-how-god-redeems-pain_466/index.html,2026-10-06T13:06:46.973900+00:00
Books to Scrape,Every Heart a Doorway (Every Heart A Doorway #1),,12.16,5,,,,https://books.toscrape.com/catalogue/every-heart-a-doorway-every-heart-a-doorway-1_465/index.html,2026-10-06T13:06:46.973900+00:00
Books to Scrape,Delivering the Truth (Quaker Midwife Mystery #1),,20.89,4,,,,https://books.toscrape.com/catalogue/delivering-the-truth-quaker-midwife-mystery-1_464/index.html,2026-10-06T13:06:46.973900+00:00
Books to Scrape,Counted With the Stars (Out from Egypt #1),,17.97,5,,,,https://books.toscrape.com/catalogue/counted-with-the-stars-out-from-egypt-1_463/index.html,2026-10-06T13:06:46.975004+00:00
Books to Scrape,"Chronicles, Vol. 1",,52.6,2,,,,https://books.toscrape.com/catalogue/chronicles-vol-1_462/index.html,2026-10-06T13:06:46.975004+00:00
Books to Scrape,Blue Like Jazz: Nonreligious Thoughts on Christian Spirituality,,25.77,1,,,,https://books.toscrape.com/catalogue/blue-like-jazz-nonreligious-thoughts-on-christian-spirituality_461/index.html,2026-10-06T13:06:46.975993+00:00
Books to Scrape,Benjamin Franklin: An American Life,,48.19,3,,,,https://books.toscrape.com/catalogue/benjamin-franklin-an-american-life_460/index.html,2026-10-06T13:06:51.845201+00:00
Books to Scrape,"At The Existentialist Café: Freedom, Being, and apricot cocktails with: Jean-Paul Sartre, Simone de Beauvoir, Albert Camus, Martin Heidegger, Edmund Husserl, Karl Jaspers, Maurice Merleau-Ponty and others",,29.93,5,,,,https://books.toscrape.com/catalogue/at-the-existentialist-cafe-freedom-being-and-apricot-cocktails-with-jean-paul-sartre-simone-de-beauvoir-albert-camus-martin-heidegger-edmund-husserl-karl-jaspers-maurice-merleau-ponty-and-others_459/index.html,2026-10-06T13:06:51.846187+00:00
Books to Scrape,A Summer In Europe,,44.34,2,,,,https://books.toscrape.com/catalogue/a-summer-in-europe_458/index.html,2026-10-06T13:06:51.846187+00:00
Books to Scrape,A Short History of Nearly Everything,,52.4,5,,,,https://books.toscrape.com/catalogue/a-short-history-of-nearly-everything_457/index.html,2026-10-06T13:06:51.846187+00:00
Books to Scrape,A Gathering of Shadows (Shades of Magic #2),,44.81,4,,,,https://books.toscrape.com/catalogue/a-gathering-of-shadows-shades-of-magic-2_456/index.html,2026-10-06T13:06:51.847200+00:00
Books to Scrape,The Sound Of Love,,57.84,5,,,,https://books.toscrape.com/catalogue/the-sound-of-love_455/index.html,2026-10-06T13:06:51.847200+00:00
Books to Scrape,The Rise and Fall of the Third Reich: A History of Nazi Germany,,39.67,2,,,,https://books.toscrape.com/catalogue/the-rise-and-fall-of-the-third-reich-a-history-of-nazi-germany_454/index.html,2026-10-06T13:06:51.847200+00:00
Books to Scrape,The Perks of Being a Wallflower,,55.02,3,,,,https://books.toscrape.com/catalogue/the-perks-of-being-a-wallflower_453/index.html,2026-10-06T13:06:51.848697+00:00
Books to Scrape,The Mysterious Affair at Styles (Hercule Poirot #1),,24.8,4,,,,https://books.toscrape.com/catalogue/the-mysterious-affair-at-styles-hercule-poirot-1_452/index.html,2026-10-06T13:06:51.849731+00:00
Books to Scrape,The Man Who Mistook His Wife for a Hat and Other Clinical Tales,,59.45,4,,,,https://books.toscrape.com/catalogue/the-man-who-mistook-his-wife-for-a-hat-and-other-clinical-tales_451/index.html,2026-10-06T13:06:51.850716+00:00
Books to Scrape,The Makings of a Fatherless Child,,31.58,2,,,,https://books.toscrape.com/catalogue/the-makings-of-a-fatherless-child_450/index.html,2026-10-06T13:06:51.850716+00:00
Books to Scrape,The Joy of Cooking,,43.27,4,,,,https://books.toscrape.com/catalogue/the-joy-of-cooking_449/index.html,2026-10-06T13:06:51.851722+00:00
Books to Scrape,The Invention of Wings,,37.34,1,,,,https://books.toscrape.com/catalogue/the-invention-of-wings_448/index.html,2026-10-06T13:06:51.852719+00:00
Books to Scrape,The Hobbit (Middle-Earth Universe),,17.8,5,,,,https://books.toscrape.com/catalogue/the-hobbit-middle-earth-universe_447/index.html,2026-10-06T13:06:51.853723+00:00
Books to Scrape,The Great Railway Bazaar,,30.54,1,,,,https://books.toscrape.com/catalogue/the-great-railway-bazaar_446/index.html,2026-10-06T13:06:51.853723+00:00
Books to Scrape,The Golden Compass (His Dark Materials #1),,18.77,1,,,,https://books.toscrape.com/catalogue/the-golden-compass-his-dark-materials-1_445/index.html,2026-10-06T13:06:51.854719+00:00
Books to Scrape,The God Delusion,,46.85,3,,,,https://books.toscrape.com/catalogue/the-god-delusion_444/index.html,2026-10-06T13:06:51.854719+00:00
Books to Scrape,The Girl You Left Behind (The Girl You Left Behind #1),,15.79,1,,,,https://books.toscrape.com/catalogue/the-girl-you-left-behind-the-girl-you-left-behind-1_443/index.html,2026-10-06T13:06:51.855715+00:00
Books to Scrape,The Fellowship of the Ring (The Lord of the Rings #1),,10.27,2,,,,https://books.toscrape.com/catalogue/the-fellowship-of-the-ring-the-lord-of-the-rings-1_442/index.html,2026-10-06T13:06:51.855715+00:00
Books to Scrape,The Collected Poems of W.B. Yeats (The Collected Works of W.B. Yeats #1),,15.42,5,,,,https://books.toscrape.com/catalogue/the-collected-poems-of-wb-yeats-the-collected-works-of-wb-yeats-1_441/index.html,2026-10-06T13:06:51.856703+00:00
Books to Scrape,The Barefoot Contessa Cookbook,,59.92,5,,,,https://books.toscrape.com/catalogue/the-barefoot-contessa-cookbook_440/index.html,2026-10-06T13:06:54.489100+00:00
Books to Scrape,Tell the Wolves I'm Home,,50.96,2,,,,https://books.toscrape.com/catalogue/tell-the-wolves-im-home_439/index.html,2026-10-06T13:06:54.489100+00:00
Books to Scrape,Ship Leaves Harbor: Essays on Travel by a Recovering Journeyman,,30.6,3,,,,https://books.toscrape.com/catalogue/ship-leaves-harbor-essays-on-travel-by-a-recovering-journeyman_438/index.html,2026-10-06T13:06:54.490104+00:00
Books to Scrape,Pride and Prejudice,,19.27,4,,,,https://books.toscrape.com/catalogue/pride-and-prejudice_437/index.html,2026-10-06T13:06:54.490104+00:00
Books to Scrape,Musicophilia: Tales of Music and the Brain,,46.58,1,,,,https://books.toscrape.com/catalogue/musicophilia-tales-of-music-and-the-brain_436/index.html,2026-10-06T13:06:54.491107+00:00
Books to Scrape,Mere Christianity,,48.51,3,,,,https://books.toscrape.com/catalogue/mere-christianity_435/index.html,2026-10-06T13:06:54.491107+00:00
Books to Scrape,Me Before You (Me Before You #1),,19.02,1,,,,https://books.toscrape.com/catalogue/me-before-you-me-before-you-1_434/index.html,2026-10-06T13:06:54.492103+00:00
Books to Scrape,In the Woods (Dublin Murder Squad #1),,38.38,2,,,,https://books.toscrape.com/catalogue/in-the-woods-dublin-murder-squad-1_433/index.html,2026-10-06T13:06:54.492103+00:00
Books to Scrape,In Cold Blood,,49.98,4,,,,https://books.toscrape.com/catalogue/in-cold-blood_432/index.html,2026-10-06T13:06:54.492103+00:00
Books to Scrape,How to Stop Worrying and Start Living,,46.49,5,,,,https://books.toscrape.com/catalogue/how-to-stop-worrying-and-start-living_431/index.html,2026-10-06T13:06:54.493101+00:00
Books to Scrape,Give It Back,,18.32,2,,,,https://books.toscrape.com/catalogue/give-it-back_430/index.html,2026-10-06T13:06:54.493101+00:00
Books to Scrape,"Girl, Interrupted",,42.14,3,,,,https://books.toscrape.com/catalogue/girl-interrupted_429/index.html,2026-10-06T13:06:54.493101+00:00
Books to Scrape,Fun Home: A Family Tragicomic,,56.59,4,,,,https://books.toscrape.com/catalogue/fun-home-a-family-tragicomic_428/index.html,2026-10-06T13:06:54.494106+00:00
Books to Scrape,"Fruits Basket, Vol. 6 (Fruits Basket #6)",,20.96,4,,,,https://books.toscrape.com/catalogue/fruits-basket-vol-6-fruits-basket-6_427/index.html,2026-10-06T13:06:54.494106+00:00
Books to Scrape,Deception Point,,40.32,4,,,,https://books.toscrape.com/catalogue/deception-point_426/index.html,2026-10-06T13:06:54.495197+00:00
Books to Scrape,"Death Note, Vol. 6: Give-and-Take (Death Note #6)",,36.39,3,,,,https://books.toscrape.com/catalogue/death-note-vol-6-give-and-take-death-note-6_425/index.html,2026-10-06T13:06:54.495197+00:00
Books to Scrape,Catherine the Great: Portrait of a Woman,,58.55,4,,,,https://books.toscrape.com/catalogue/catherine-the-great-portrait-of-a-woman_424/index.html,2026-10-06T13:06:54.495197+00:00
Books to Scrape,Better Homes and Gardens New Cook Book,,39.61,3,,,,https://books.toscrape.com/catalogue/better-homes-and-gardens-new-cook-book_423/index.html,2026-10-06T13:06:54.496176+00:00
Books to Scrape,An Unquiet Mind: A Memoir of Moods and Madness,,21.3,3,,,,https://books.toscrape.com/catalogue/an-unquiet-mind-a-memoir-of-moods-and-madness_422/index.html,2026-10-06T13:06:54.496176+00:00
Books to Scrape,A Year in Provence (Provence #1),,56.88,4,,,,https://books.toscrape.com/catalogue/a-year-in-provence-provence-1_421/index.html,2026-10-06T13:06:54.496176+00:00
Books to Scrape,World Without End (The Pillars of the Earth #2),,32.97,4,,,,https://books.toscrape.com/catalogue/world-without-end-the-pillars-of-the-earth-2_420/index.html,2026-10-06T13:06:59.362393+00:00
Books to Scrape,"Will Grayson, Will Grayson (Will Grayson, Will Grayson)",,47.31,4,,,,https://books.toscrape.com/catalogue/will-grayson-will-grayson-will-grayson-will-grayson_419/index.html,2026-10-06T13:06:59.363394+00:00
Books to Scrape,Why Save the Bankers?: And Other Essays on Our Economic and Political Crisis,,48.67,2,,,,https://books.toscrape.com/catalogue/why-save-the-bankers-and-other-essays-on-our-economic-and-political-crisis_418/index.html,2026-10-06T13:06:59.363394+00:00
Books to Scrape,Where She Went (If I Stay #2),,41.73,4,,,,https://books.toscrape.com/catalogue/where-she-went-if-i-stay-2_417/index.html,2026-10-06T13:06:59.364394+00:00
Books to Scrape,What If?: Serious Scientific Answers to Absurd Hypothetical Questions,,53.68,4,,,,https://books.toscrape.com/catalogue/what-if-serious-scientific-answers-to-absurd-hypothetical-questions_416/index.html,2026-10-06T13:06:59.364394+00:00
Books to Scrape,Two Summers,,14.64,1,,,,https://books.toscrape.com/catalogue/two-summers_415/index.html,2026-10-06T13:06:59.364394+00:00
Books to Scrape,This Is Your Brain on Music: The Science of a Human Obsession,,38.4,1,,,,https://books.toscrape.com/catalogue/this-is-your-brain-on-music-the-science-of-a-human-obsession_414/index.html,2026-10-06T13:06:59.365394+00:00
Books to Scrape,The Secret Garden,,15.08,4,,,,https://books.toscrape.com/catalogue/the-secret-garden_413/index.html,2026-10-06T13:06:59.365394+00:00
Books to Scrape,The Raven King (The Raven Cycle #4),,30.57,2,,,,https://books.toscrape.com/catalogue/the-raven-king-the-raven-cycle-4_412/index.html,2026-10-06T13:06:59.365394+00:00
Books to Scrape,The Raven Boys (The Raven Cycle #1),,57.74,4,,,,https://books.toscrape.com/catalogue/the-raven-boys-the-raven-cycle-1_411/index.html,2026-10-06T13:06:59.366394+00:00
Books to Scrape,The Power Greens Cookbook: 140 Delicious Superfood Recipes,,11.05,5,,,,https://books.toscrape.com/catalogue/the-power-greens-cookbook-140-delicious-superfood-recipes_410/index.html,2026-10-06T13:06:59.366394+00:00
Books to Scrape,The Metamorphosis,,28.58,1,,,,https://books.toscrape.com/catalogue/the-metamorphosis_409/index.html,2026-10-06T13:06:59.366394+00:00
Books to Scrape,The Mathews Men: Seven Brothers and the War Against Hitler's U-boats,,42.91,5,,,,https://books.toscrape.com/catalogue/the-mathews-men-seven-brothers-and-the-war-against-hitlers-u-boats_408/index.html,2026-10-06T13:06:59.366394+00:00
Books to Scrape,The Little Paris Bookshop,,24.73,3,,,,https://books.toscrape.com/catalogue/the-little-paris-bookshop_407/index.html,2026-10-06T13:06:59.367900+00:00
Books to Scrape,The Hiding Place,,55.91,4,,,,https://books.toscrape.com/catalogue/the-hiding-place_406/index.html,2026-10-06T13:06:59.367900+00:00
Books to Scrape,The Grand Design,,13.76,3,,,,https://books.toscrape.com/catalogue/the-grand-design_405/index.html,2026-10-06T13:06:59.367900+00:00
Books to Scrape,The Firm,,45.56,3,,,,https://books.toscrape.com/catalogue/the-firm_404/index.html,2026-10-06T13:06:59.368907+00:00
Books to Scrape,The Fault in Our Stars,,47.22,1,,,,https://books.toscrape.com/catalogue/the-fault-in-our-stars_403/index.html,2026-10-06T13:06:59.368907+00:00
Books to Scrape,The False Prince (The Ascendance Trilogy #1),,56.0,5,,,,https://books.toscrape.com/catalogue/the-false-prince-the-ascendance-trilogy-1_402/index.html,2026-10-06T13:06:59.369908+00:00
Books to Scrape,The Expatriates,,44.58,2,,,,https://books.toscrape.com/catalogue/the-expatriates_401/index.html,2026-10-06T13:06:59.369908+00:00
Books to Scrape,The Dream Thieves (The Raven Cycle #2),,34.5,1,,,,https://books.toscrape.com/catalogue/the-dream-thieves-the-raven-cycle-2_400/index.html,2026-10-06T13:07:04.484314+00:00
Books to Scrape,The Darkest Corners,,11.33,5,,,,https://books.toscrape.com/catalogue/the-darkest-corners_399/index.html,2026-10-06T13:07:04.485309+00:00
Books to Scrape,The Crossover,,38.77,4,,,,https://books.toscrape.com/catalogue/the-crossover_398/index.html,2026-10-06T13:07:04.486307+00:00
Books to Scrape,The 5th Wave (The 5th Wave #1),,11.83,2,,,,https://books.toscrape.com/catalogue/the-5th-wave-the-5th-wave-1_397/index.html,2026-10-06T13:07:04.486307+00:00
Books to Scrape,Tell the Wind and Fire,,45.51,3,,,,https://books.toscrape.com/catalogue/tell-the-wind-and-fire_396/index.html,2026-10-06T13:07:04.487816+00:00
Books to Scrape,Tell Me Three Things,,41.81,1,,,,https://books.toscrape.com/catalogue/tell-me-three-things_395/index.html,2026-10-06T13:07:04.487816+00:00
Books to Scrape,Talking to Girls About Duran Duran: One Young Man's Quest for True Love and a Cooler Haircut,,25.15,4,,,,https://books.toscrape.com/catalogue/talking-to-girls-about-duran-duran-one-young-mans-quest-for-true-love-and-a-cooler-haircut_394/index.html,2026-10-06T13:07:04.488826+00:00
Books to Scrape,Siddhartha,,34.22,5,,,,https://books.toscrape.com/catalogue/siddhartha_393/index.html,2026-10-06T13:07:04.488826+00:00
Books to Scrape,Shiver (The Wolves of Mercy Falls #1),,16.23,5,,,,https://books.toscrape.com/catalogue/shiver-the-wolves-of-mercy-falls-1_392/index.html,2026-10-06T13:07:04.490213+00:00
Books to Scrape,Remember Me?,,11.48,3,,,,https://books.toscrape.com/catalogue/remember-me_391/index.html,2026-10-06T13:07:04.491229+00:00
Books to Scrape,Red Dragon (Hannibal Lecter #1),,23.37,3,,,,https://books.toscrape.com/catalogue/red-dragon-hannibal-lecter-1_390/index.html,2026-10-06T13:07:04.492279+00:00
Books to Scrape,Peak: Secrets from the New Science of Expertise,,16.28,2,,,,https://books.toscrape.com/catalogue/peak-secrets-from-the-new-science-of-expertise_389/index.html,2026-10-06T13:07:04.493258+00:00
Books to Scrape,My Mother Was Nuts,,31.63,4,,,,https://books.toscrape.com/catalogue/my-mother-was-nuts_388/index.html,2026-10-06T13:07:04.493258+00:00
Books to Scrape,Mexican Today: New and Rediscovered Recipes for Contemporary Kitchens,,24.91,5,,,,https://books.toscrape.com/catalogue/mexican-today-new-and-rediscovered-recipes-for-contemporary-kitchens_387/index.html,2026-10-06T13:07:04.493258+00:00
Books to Scrape,Maybe Something Beautiful: How Art Transformed a Neighborhood,,22.54,1,,,,https://books.toscrape.com/catalogue/maybe-something-beautiful-how-art-transformed-a-neighborhood_386/index.html,2026-10-06T13:07:04.494260+00:00
Books to Scrape,Lola and the Boy Next Door (Anna and the French Kiss #2),,23.63,4,,,,https://books.toscrape.com/catalogue/lola-and-the-boy-next-door-anna-and-the-french-kiss-2_385/index.html,2026-10-06T13:07:04.495262+00:00
Books to Scrape,Logan Kade (Fallen Crest High #5.5),,13.12,2,,,,https://books.toscrape.com/catalogue/logan-kade-fallen-crest-high-55_384/index.html,2026-10-06T13:07:04.496262+00:00
Books to Scrape,Last One Home (New Beginnings #1),,59.98,3,,,,https://books.toscrape.com/catalogue/last-one-home-new-beginnings-1_383/index.html,2026-10-06T13:07:04.496262+00:00
Books to Scrape,Killing Floor (Jack Reacher #1),,31.49,4,,,,https://books.toscrape.com/catalogue/killing-floor-jack-reacher-1_382/index.html,2026-10-06T13:07:04.496262+00:00
Books to Scrape,Kill the Boy Band,,15.52,5,,,,https://books.toscrape.com/catalogue/kill-the-boy-band_381/index.html,2026-10-06T13:07:04.497772+00:00
Books to Scrape,Isla and the Happily Ever After (Anna and the French Kiss #3),,48.13,5,,,,https://books.toscrape.com/catalogue/isla-and-the-happily-ever-after-anna-and-the-french-kiss-3_380/index.html,2026-10-06T13:07:05.663270+00:00
Books to Scrape,If I Stay (If I Stay #1),,38.13,5,,,,https://books.toscrape.com/catalogue/if-i-stay-if-i-stay-1_379/index.html,2026-10-06T13:07:05.663270+00:00
Books to Scrape,I Know Why the Caged Bird Sings (Maya Angelou's Autobiography #1),,36.55,2,,,,https://books.toscrape.com/catalogue/i-know-why-the-caged-bird-sings-maya-angelous-autobiography-1_378/index.html,2026-10-06T13:07:05.664273+00:00
Books to Scrape,Harry Potter and the Deathly Hallows (Harry Potter #7),,23.32,1,,,,https://books.toscrape.com/catalogue/harry-potter-and-the-deathly-hallows-harry-potter-7_377/index.html,2026-10-06T13:07:05.665270+00:00
Books to Scrape,"Fruits Basket, Vol. 5 (Fruits Basket #5)",,16.33,1,,,,https://books.toscrape.com/catalogue/fruits-basket-vol-5-fruits-basket-5_376/index.html,2026-10-06T13:07:05.665270+00:00
Books to Scrape,Foundation (Foundation (Publication Order) #1),,32.42,1,,,,https://books.toscrape.com/catalogue/foundation-foundation-publication-order-1_375/index.html,2026-10-06T13:07:05.666268+00:00
Books to Scrape,Fool Me Once,,16.96,1,,,,https://books.toscrape.com/catalogue/fool-me-once_374/index.html,2026-10-06T13:07:05.666268+00:00
Books to Scrape,Find Her (Detective D.D. Warren #8),,22.37,1,,,,https://books.toscrape.com/catalogue/find-her-detective-dd-warren-8_373/index.html,2026-10-06T13:07:05.666268+00:00
Books to Scrape,Evicted: Poverty and Profit in the American City,,42.27,1,,,,https://books.toscrape.com/catalogue/evicted-poverty-and-profit-in-the-american-city_372/index.html,2026-10-06T13:07:05.667780+00:00
Books to Scrape,Drama,,38.7,2,,,,https://books.toscrape.com/catalogue/drama_371/index.html,2026-10-06T13:07:05.667780+00:00
Books to Scrape,Dracula the Un-Dead,,35.63,5,,,,https://books.toscrape.com/catalogue/dracula-the-un-dead_370/index.html,2026-10-06T13:07:05.667780+00:00
Books to Scrape,Digital Fortress,,58.0,5,,,,https://books.toscrape.com/catalogue/digital-fortress_369/index.html,2026-10-06T13:07:05.668789+00:00
Books to Scrape,"Death Note, Vol. 5: Whiteout (Death Note #5)",,52.41,1,,,,https://books.toscrape.com/catalogue/death-note-vol-5-whiteout-death-note-5_368/index.html,2026-10-06T13:07:05.668789+00:00
Books to Scrape,"Data, A Love Story: How I Gamed Online Dating to Meet My Match",,32.35,3,,,,https://books.toscrape.com/catalogue/data-a-love-story-how-i-gamed-online-dating-to-meet-my-match_367/index.html,2026-10-06T13:07:05.669789+00:00
Books to Scrape,Critique of Pure Reason,,20.75,1,,,,https://books.toscrape.com/catalogue/critique-of-pure-reason_366/index.html,2026-10-06T13:07:05.669789+00:00
Books to Scrape,Booked,,17.49,5,,,,https://books.toscrape.com/catalogue/booked_365/index.html,2026-10-06T13:07:05.669789+00:00
Books to Scrape,"Blue Lily, Lily Blue (The Raven Cycle #3)",,34.13,5,,,,https://books.toscrape.com/catalogue/blue-lily-lily-blue-the-raven-cycle-3_364/index.html,2026-10-06T13:07:05.669789+00:00
Books to Scrape,Approval Junkie: Adventures in Caring Too Much,,58.81,5,,,,https://books.toscrape.com/catalogue/approval-junkie-adventures-in-caring-too-much_363/index.html,2026-10-06T13:07:05.670795+00:00
Books to Scrape,An Abundance of Katherines,,10.0,5,,,,https://books.toscrape.com/catalogue/an-abundance-of-katherines_362/index.html,2026-10-06T13:07:05.670795+00:00
Books to Scrape,America's War for the Greater Middle East: A Military History,,51.22,2,,,,https://books.toscrape.com/catalogue/americas-war-for-the-greater-middle-east-a-military-history_361/index.html,2026-10-06T13:07:05.670795+00:00
Books to Scrape,Alight (The Generations Trilogy #2),,58.59,4,,,,https://books.toscrape.com/catalogue/alight-the-generations-trilogy-2_360/index.html,2026-10-06T13:07:06.559283+00:00
Books to Scrape,A Girl's Guide to Moving On (New Beginnings #2),,31.3,1,,,,https://books.toscrape.com/catalogue/a-girls-guide-to-moving-on-new-beginnings-2_359/index.html,2026-10-06T13:07:06.560287+00:00
Books to Scrape,A Game of Thrones (A Song of Ice and Fire #1),,46.42,2,,,,https://books.toscrape.com/catalogue/a-game-of-thrones-a-song-of-ice-and-fire-1_358/index.html,2026-10-06T13:07:06.561281+00:00
Books to Scrape,A Feast for Crows (A Song of Ice and Fire #4),,17.21,4,,,,https://books.toscrape.com/catalogue/a-feast-for-crows-a-song-of-ice-and-fire-4_357/index.html,2026-10-06T13:07:06.561281+00:00
Books to Scrape,A Clash of Kings (A Song of Ice and Fire #2),,10.79,3,,,,https://books.toscrape.com/catalogue/a-clash-of-kings-a-song-of-ice-and-fire-2_356/index.html,2026-10-06T13:07:06.561281+00:00
Books to Scrape,Vogue Colors A to Z: A Fashion Coloring Book,,52.35,4,,,,https://books.toscrape.com/catalogue/vogue-colors-a-to-z-a-fashion-coloring-book_355/index.html,2026-10-06T13:07:06.561281+00:00
Books to Scrape,The Shining (The Shining #1),,27.88,3,,,,https://books.toscrape.com/catalogue/the-shining-the-shining-1_354/index.html,2026-10-06T13:07:06.561281+00:00
Books to Scrape,The Pilgrim's Progress,,50.26,2,,,,https://books.toscrape.com/catalogue/the-pilgrims-progress_353/index.html,2026-10-06T13:07:06.562280+00:00
Books to Scrape,The Perfect Play (Play by Play #1),,59.99,3,,,,https://books.toscrape.com/catalogue/the-perfect-play-play-by-play-1_352/index.html,2026-10-06T13:07:06.562280+00:00
Books to Scrape,The Passion of Dolssa,,28.32,5,,,,https://books.toscrape.com/catalogue/the-passion-of-dolssa_351/index.html,2026-10-06T13:07:06.562280+00:00
Books to Scrape,The Jazz of Physics: The Secret Link Between Music and the Structure of the Universe,,38.71,3,,,,https://books.toscrape.com/catalogue/the-jazz-of-physics-the-secret-link-between-music-and-the-structure-of-the-universe_350/index.html,2026-10-06T13:07:06.562280+00:00
Books to Scrape,The Hunger Games (The Hunger Games #1),,29.85,5,,,,https://books.toscrape.com/catalogue/the-hunger-games-the-hunger-games-1_349/index.html,2026-10-06T13:07:06.563283+00:00
Books to Scrape,The Hound of the Baskervilles (Sherlock Holmes #5),,14.82,2,,,,https://books.toscrape.com/catalogue/the-hound-of-the-baskervilles-sherlock-holmes-5_348/index.html,2026-10-06T13:07:06.563283+00:00
Books to Scrape,The Gunning of America: Business and the Making of American Gun Culture,,16.81,4,,,,https://books.toscrape.com/catalogue/the-gunning-of-america-business-and-the-making-of-american-gun-culture_347/index.html,2026-10-06T13:07:06.563283+00:00
Books to Scrape,The Geography of Bliss: One Grump's Search for the Happiest Places in the World,,28.23,2,,,,https://books.toscrape.com/catalogue/the-geography-of-bliss-one-grumps-search-for-the-happiest-places-in-the-world_346/index.html,2026-10-06T13:07:06.563283+00:00
Books to Scrape,The Demonists (Demonist #1),,52.11,2,,,,https://books.toscrape.com/catalogue/the-demonists-demonist-1_345/index.html,2026-10-06T13:07:06.564282+00:00
Books to Scrape,"The Demon Prince of Momochi House, Vol. 4 (The Demon Prince of Momochi House #4)",,27.88,2,,,,https://books.toscrape.com/catalogue/the-demon-prince-of-momochi-house-vol-4-the-demon-prince-of-momochi-house-4_344/index.html,2026-10-06T13:07:06.564282+00:00
Books to Scrape,The Bone Hunters (Lexy Vaughan & Steven Macaulay #2),,59.71,3,,,,https://books.toscrape.com/catalogue/the-bone-hunters-lexy-vaughan-steven-macaulay-2_343/index.html,2026-10-06T13:07:06.564282+00:00
Books to Scrape,The Beast (Black Dagger Brotherhood #14),,46.08,5,,,,https://books.toscrape.com/catalogue/the-beast-black-dagger-brotherhood-14_342/index.html,2026-10-06T13:07:06.564282+00:00
Books to Scrape,Some Women,,13.73,5,,,,https://books.toscrape.com/catalogue/some-women_341/index.html,2026-10-06T13:07:06.565284+00:00
Books to Scrape,Shopaholic Ties the Knot (Shopaholic #3),,48.39,5,,,,https://books.toscrape.com/catalogue/shopaholic-ties-the-knot-shopaholic-3_340/index.html,2026-10-06T13:07:07.529631+00:00
Books to Scrape,Paper and Fire (The Great Library #2),,49.45,5,,,,https://books.toscrape.com/catalogue/paper-and-fire-the-great-library-2_339/index.html,2026-10-06T13:07:07.530637+00:00
Books to Scrape,Outlander (Outlander #1),,19.67,5,,,,https://books.toscrape.com/catalogue/outlander-outlander-1_338/index.html,2026-10-06T13:07:07.530637+00:00
Books to Scrape,"Orchestra of Exiles: The Story of Bronislaw Huberman, the Israel Philharmonic, and the One Thousand Jews He Saved from Nazi Horrors",,12.36,3,,,,https://books.toscrape.com/catalogue/orchestra-of-exiles-the-story-of-bronislaw-huberman-the-israel-philharmonic-and-the-one-thousand-jews-he-saved-from-nazi-horrors_337/index.html,2026-10-06T13:07:07.531632+00:00
Books to Scrape,No One Here Gets Out Alive,,20.02,5,,,,https://books.toscrape.com/catalogue/no-one-here-gets-out-alive_336/index.html,2026-10-06T13:07:07.531632+00:00
Books to Scrape,Night Shift (Night Shift #1-20),,12.75,4,,,,https://books.toscrape.com/catalogue/night-shift-night-shift-1-20_335/index.html,2026-10-06T13:07:07.531632+00:00
Books to Scrape,Needful Things,,47.51,4,,,,https://books.toscrape.com/catalogue/needful-things_334/index.html,2026-10-06T13:07:07.532635+00:00
Books to Scrape,Mockingjay (The Hunger Games #3),,20.44,4,,,,https://books.toscrape.com/catalogue/mockingjay-the-hunger-games-3_333/index.html,2026-10-06T13:07:07.532635+00:00
Books to Scrape,Misery,,34.79,2,,,,https://books.toscrape.com/catalogue/misery_332/index.html,2026-10-06T13:07:07.532635+00:00
Books to Scrape,Little Women (Little Women #1),,28.07,4,,,,https://books.toscrape.com/catalogue/little-women-little-women-1_331/index.html,2026-10-06T13:07:07.533641+00:00
Books to Scrape,It,,25.01,3,,,,https://books.toscrape.com/catalogue/it_330/index.html,2026-10-06T13:07:07.533641+00:00
Books to Scrape,Harry Potter and the Sorcerer's Stone (Harry Potter #1),,13.9,3,,,,https://books.toscrape.com/catalogue/harry-potter-and-the-sorcerers-stone-harry-potter-1_329/index.html,2026-10-06T13:07:07.534631+00:00
Books to Scrape,Harry Potter and the Prisoner of Azkaban (Harry Potter #3),,24.17,4,,,,https://books.toscrape.com/catalogue/harry-potter-and-the-prisoner-of-azkaban-harry-potter-3_328/index.html,2026-10-06T13:07:07.534631+00:00
Books to Scrape,Harry Potter and the Order of the Phoenix (Harry Potter #5),,31.63,4,,,,https://books.toscrape.com/catalogue/harry-potter-and-the-order-of-the-phoenix-harry-potter-5_327/index.html,2026-10-06T13:07:07.534631+00:00
Books to Scrape,Harry Potter and the Half-Blood Prince (Harry Potter #6),,48.75,5,,,,https://books.toscrape.com/catalogue/harry-potter-and-the-half-blood-prince-harry-potter-6_326/index.html,2026-10-06T13:07:07.535634+00:00
Books to Scrape,Harry Potter and the Chamber of Secrets (Harry Potter #2),,14.74,1,,,,https://books.toscrape.com/catalogue/harry-potter-and-the-chamber-of-secrets-harry-potter-2_325/index.html,2026-10-06T13:07:07.535634+00:00
Books to Scrape,Gone with the Wind,,32.49,3,,,,https://books.toscrape.com/catalogue/gone-with-the-wind_324/index.html,2026-10-06T13:07:07.536547+00:00
Books to Scrape,God Is Not Great: How Religion Poisons Everything,,27.8,1,,,,https://books.toscrape.com/catalogue/god-is-not-great-how-religion-poisons-everything_323/index.html,2026-10-06T13:07:07.536547+00:00
Books to Scrape,Girl With a Pearl Earring,,26.77,1,,,,https://books.toscrape.com/catalogue/girl-with-a-pearl-earring_322/index.html,2026-10-06T13:07:07.536547+00:00
Books to Scrape,"Fruits Basket, Vol. 4 (Fruits Basket #4)",,50.44,4,,,,https://books.toscrape.com/catalogue/fruits-basket-vol-4-fruits-basket-4_321/index.html,2026-10-06T13:07:07.536547+00:00
Books to Scrape,Far From True (Promise Falls Trilogy #2),,34.93,2,,,,https://books.toscrape.com/catalogue/far-from-true-promise-falls-trilogy-2_320/index.html,2026-10-06T13:07:08.578748+00:00
Books to Scrape,Dark Lover (Black Dagger Brotherhood #1),,12.87,1,,,,https://books.toscrape.com/catalogue/dark-lover-black-dagger-brotherhood-1_319/index.html,2026-10-06T13:07:08.579842+00:00
Books to Scrape,Confessions of a Shopaholic (Shopaholic #1),,48.94,2,,,,https://books.toscrape.com/catalogue/confessions-of-a-shopaholic-shopaholic-1_318/index.html,2026-10-06T13:07:08.579842+00:00
Books to Scrape,Changing the Game (Play by Play #2),,13.38,3,,,,https://books.toscrape.com/catalogue/changing-the-game-play-by-play-2_317/index.html,2026-10-06T13:07:08.580880+00:00
Books to Scrape,Candide,,58.63,3,,,,https://books.toscrape.com/catalogue/candide_316/index.html,2026-10-06T13:07:08.580880+00:00
Books to Scrape,Can You Keep a Secret?,,21.94,1,,,,https://books.toscrape.com/catalogue/can-you-keep-a-secret_315/index.html,2026-10-06T13:07:08.581873+00:00
Books to Scrape,Atlas Shrugged,,26.58,5,,,,https://books.toscrape.com/catalogue/atlas-shrugged_314/index.html,2026-10-06T13:07:08.581873+00:00
Books to Scrape,Animal Farm,,57.22,3,,,,https://books.toscrape.com/catalogue/animal-farm_313/index.html,2026-10-06T13:07:08.582855+00:00
Books to Scrape,A Walk to Remember,,56.43,1,,,,https://books.toscrape.com/catalogue/a-walk-to-remember_312/index.html,2026-10-06T13:07:08.582855+00:00
Books to Scrape,A New Earth: Awakening to Your Life's Purpose,,55.65,5,,,,https://books.toscrape.com/catalogue/a-new-earth-awakening-to-your-lifes-purpose_311/index.html,2026-10-06T13:07:08.583878+00:00
Books to Scrape,"A History of God: The 4,000-Year Quest of Judaism, Christianity, and Islam",,27.62,1,,,,https://books.toscrape.com/catalogue/a-history-of-god-the-4000-year-quest-of-judaism-christianity-and-islam_310/index.html,2026-10-06T13:07:08.583878+00:00
Books to Scrape,'Salem's Lot,,49.56,4,,,,https://books.toscrape.com/catalogue/salems-lot_309/index.html,2026-10-06T13:07:08.583878+00:00
Books to Scrape,Zero History (Blue Ant #3),,34.77,1,,,,https://books.toscrape.com/catalogue/zero-history-blue-ant-3_308/index.html,2026-10-06T13:07:08.584852+00:00
Books to Scrape,Wuthering Heights,,17.73,3,,,,https://books.toscrape.com/catalogue/wuthering-heights_307/index.html,2026-10-06T13:07:08.584852+00:00
Books to Scrape,World War Z: An Oral History of the Zombie War,,21.8,1,,,,https://books.toscrape.com/catalogue/world-war-z-an-oral-history-of-the-zombie-war_306/index.html,2026-10-06T13:07:08.585770+00:00
Books to Scrape,Wild: From Lost to Found on the Pacific Crest Trail,,46.02,3,,,,https://books.toscrape.com/catalogue/wild-from-lost-to-found-on-the-pacific-crest-trail_305/index.html,2026-10-06T13:07:08.585770+00:00
Books to Scrape,"Where'd You Go, Bernadette",,18.13,1,,,,https://books.toscrape.com/catalogue/whered-you-go-bernadette_304/index.html,2026-10-06T13:07:08.585770+00:00
Books to Scrape,When You Are Engulfed in Flames,,30.89,5,,,,https://books.toscrape.com/catalogue/when-you-are-engulfed-in-flames_303/index.html,2026-10-06T13:07:08.586864+00:00
Books to Scrape,We the People: The Modern-Day Figures Who Have Reshaped and Affirmed the Founding Fathers' Vision of America,,31.95,3,,,,https://books.toscrape.com/catalogue/we-the-people-the-modern-day-figures-who-have-reshaped-and-affirmed-the-founding-fathers-vision-of-america_302/index.html,2026-10-06T13:07:08.586864+00:00
Books to Scrape,We Are All Completely Beside Ourselves,,24.04,1,,,,https://books.toscrape.com/catalogue/we-are-all-completely-beside-ourselves_301/index.html,2026-10-06T13:07:08.587856+00:00
Books to Scrape,Walk the Edge (Thunder Road #2),,32.36,3,,,,https://books.toscrape.com/catalogue/walk-the-edge-thunder-road-2_300/index.html,2026-10-06T13:07:09.588509+00:00
Books to Scrape,Voyager (Outlander #3),,21.07,5,,,,https://books.toscrape.com/catalogue/voyager-outlander-3_299/index.html,2026-10-06T13:07:09.589512+00:00
Books to Scrape,Very Good Lives: The Fringe Benefits of Failure and the Importance of Imagination,,50.66,3,,,,https://books.toscrape.com/catalogue/very-good-lives-the-fringe-benefits-of-failure-and-the-importance-of-imagination_298/index.html,2026-10-06T13:07:09.589512+00:00
Books to Scrape,Vegan Vegetarian Omnivore: Dinner for Everyone at the Table,,13.66,2,,,,https://books.toscrape.com/catalogue/vegan-vegetarian-omnivore-dinner-for-everyone-at-the-table_297/index.html,2026-10-06T13:07:09.589512+00:00
Books to Scrape,"Unstuffed: Decluttering Your Home, Mind, and Soul",,58.09,1,,,,https://books.toscrape.com/catalogue/unstuffed-decluttering-your-home-mind-and-soul_296/index.html,2026-10-06T13:07:09.590528+00:00
Books to Scrape,Under the Banner of Heaven: A Story of Violent Faith,,30.0,1,,,,https://books.toscrape.com/catalogue/under-the-banner-of-heaven-a-story-of-violent-faith_295/index.html,2026-10-06T13:07:09.590528+00:00
Books to Scrape,Two Boys Kissing,,32.74,2,,,,https://books.toscrape.com/catalogue/two-boys-kissing_294/index.html,2026-10-06T13:07:09.591527+00:00
Books to Scrape,Twilight (Twilight #1),,41.93,2,,,,https://books.toscrape.com/catalogue/twilight-twilight-1_293/index.html,2026-10-06T13:07:09.592527+00:00
Books to Scrape,Twenties Girl,,42.8,2,,,,https://books.toscrape.com/catalogue/twenties-girl_292/index.html,2026-10-06T13:07:09.592527+00:00
Books to Scrape,"Trespassing Across America: One Man's Epic, Never-Done-Before (and Sort of Illegal) Hike Across the Heartland",,53.51,1,,,,https://books.toscrape.com/catalogue/trespassing-across-america-one-mans-epic-never-done-before-and-sort-of-illegal-hike-across-the-heartland_291/index.html,2026-10-06T13:07:09.593528+00:00
Books to Scrape,Three-Martini Lunch,,23.21,3,,,,https://books.toscrape.com/catalogue/three-martini-lunch_290/index.html,2026-10-06T13:07:09.593528+00:00
Books to Scrape,"Thinking, Fast and Slow",,21.14,1,,,,https://books.toscrape.com/catalogue/thinking-fast-and-slow_289/index.html,2026-10-06T13:07:09.594527+00:00
Books to Scrape,The Wild Robot,,56.07,3,,,,https://books.toscrape.com/catalogue/the-wild-robot_288/index.html,2026-10-06T13:07:09.594527+00:00
Books to Scrape,"The Wicked + The Divine, Vol. 3: Commercial Suicide (The Wicked + The Divine)",,14.41,3,,,,https://books.toscrape.com/catalogue/the-wicked-the-divine-vol-3-commercial-suicide-the-wicked-the-divine_287/index.html,2026-10-06T13:07:09.594527+00:00
Books to Scrape,The Undomestic Goddess,,45.75,4,,,,https://books.toscrape.com/catalogue/the-undomestic-goddess_286/index.html,2026-10-06T13:07:09.595520+00:00
Books to Scrape,The Travelers,,15.77,1,,,,https://books.toscrape.com/catalogue/the-travelers_285/index.html,2026-10-06T13:07:09.595520+00:00
Books to Scrape,The Tipping Point: How Little Things Can Make a Big Difference,,10.02,2,,,,https://books.toscrape.com/catalogue/the-tipping-point-how-little-things-can-make-a-big-difference_284/index.html,2026-10-06T13:07:09.595520+00:00
Books to Scrape,The Thing About Jellyfish,,48.77,1,,,,https://books.toscrape.com/catalogue/the-thing-about-jellyfish_283/index.html,2026-10-06T13:07:09.596520+00:00
Books to Scrape,The Stand,,57.86,2,,,,https://books.toscrape.com/catalogue/the-stand_282/index.html,2026-10-06T13:07:09.596520+00:00
Books to Scrape,The Smitten Kitchen Cookbook,,23.59,1,,,,https://books.toscrape.com/catalogue/the-smitten-kitchen-cookbook_281/index.html,2026-10-06T13:07:09.596520+00:00
Books to Scrape,The Silkworm (Cormoran Strike #2),,23.05,5,,,,https://books.toscrape.com/catalogue/the-silkworm-cormoran-strike-2_280/index.html,2026-10-06T13:07:11.505536+00:00
Books to Scrape,"The Sandman, Vol. 3: Dream Country (The Sandman (volumes) #3)",,55.55,5,,,,https://books.toscrape.com/catalogue/the-sandman-vol-3-dream-country-the-sandman-volumes-3_279/index.html,2026-10-06T13:07:11.505536+00:00
Books to Scrape,The Rose & the Dagger (The Wrath and the Dawn #2),,58.64,4,,,,https://books.toscrape.com/catalogue/the-rose-the-dagger-the-wrath-and-the-dawn-2_278/index.html,2026-10-06T13:07:11.506536+00:00
Books to Scrape,The Road to Little Dribbling: Adventures of an American in Britain (Notes From a Small Island #2),,23.21,1,,,,https://books.toscrape.com/catalogue/the-road-to-little-dribbling-adventures-of-an-american-in-britain-notes-from-a-small-island-2_277/index.html,2026-10-06T13:07:11.506536+00:00
Books to Scrape,The Rise of Theodore Roosevelt (Theodore Roosevelt #1),,42.57,3,,,,https://books.toscrape.com/catalogue/the-rise-of-theodore-roosevelt-theodore-roosevelt-1_276/index.html,2026-10-06T13:07:11.506536+00:00
Books to Scrape,The Restaurant at the End of the Universe (Hitchhiker's Guide to the Galaxy #2),,10.92,1,,,,https://books.toscrape.com/catalogue/the-restaurant-at-the-end-of-the-universe-hitchhikers-guide-to-the-galaxy-2_275/index.html,2026-10-06T13:07:11.506536+00:00
Books to Scrape,The Rest Is Noise: Listening to the Twentieth Century,,34.77,1,,,,https://books.toscrape.com/catalogue/the-rest-is-noise-listening-to-the-twentieth-century_274/index.html,2026-10-06T13:07:11.506536+00:00
Books to Scrape,The Red Tent,,35.66,5,,,,https://books.toscrape.com/catalogue/the-red-tent_273/index.html,2026-10-06T13:07:11.508059+00:00
Books to Scrape,The Purpose Driven Life: What on Earth Am I Here for?,,37.19,3,,,,https://books.toscrape.com/catalogue/the-purpose-driven-life-what-on-earth-am-i-here-for_272/index.html,2026-10-06T13:07:11.508059+00:00
Books to Scrape,The Purest Hook (Second Circle Tattoos #3),,12.25,1,,,,https://books.toscrape.com/catalogue/the-purest-hook-second-circle-tattoos-3_271/index.html,2026-10-06T13:07:11.508059+00:00
Books to Scrape,The Picture of Dorian Gray,,29.7,2,,,,https://books.toscrape.com/catalogue/the-picture-of-dorian-gray_270/index.html,2026-10-06T13:07:11.508059+00:00
Books to Scrape,The Paris Wife,,36.8,3,,,,https://books.toscrape.com/catalogue/the-paris-wife_269/index.html,2026-10-06T13:07:11.509068+00:00
Books to Scrape,The Obsession,,45.43,1,,,,https://books.toscrape.com/catalogue/the-obsession_268/index.html,2026-10-06T13:07:11.509068+00:00
Books to Scrape,The Nightingale,,26.26,4,,,,https://books.toscrape.com/catalogue/the-nightingale_267/index.html,2026-10-06T13:07:11.509068+00:00
Books to Scrape,The New Guy (and Other Senior Year Distractions),,44.92,3,,,,https://books.toscrape.com/catalogue/the-new-guy-and-other-senior-year-distractions_266/index.html,2026-10-06T13:07:11.509068+00:00
Books to Scrape,The Nanny Diaries (Nanny #1),,52.53,5,,,,https://books.toscrape.com/catalogue/the-nanny-diaries-nanny-1_265/index.html,2026-10-06T13:07:11.510068+00:00
Books to Scrape,The Name of God is Mercy,,37.25,2,,,,https://books.toscrape.com/catalogue/the-name-of-god-is-mercy_264/index.html,2026-10-06T13:07:11.510068+00:00
Books to Scrape,The Maze Runner (The Maze Runner #1),,20.93,1,,,,https://books.toscrape.com/catalogue/the-maze-runner-the-maze-runner-1_263/index.html,2026-10-06T13:07:11.511069+00:00
Books to Scrape,The Lover's Dictionary,,58.09,2,,,,https://books.toscrape.com/catalogue/the-lovers-dictionary_262/index.html,2026-10-06T13:07:11.511069+00:00
Books to Scrape,The Lonely Ones,,43.59,5,,,,https://books.toscrape.com/catalogue/the-lonely-ones_261/index.html,2026-10-06T13:07:11.512068+00:00
Books to Scrape,The Lean Startup: How Today's Entrepreneurs Use Continuous Innovation to Create Radically Successful Businesses,,33.92,3,,,,https://books.toscrape.com/catalogue/the-lean-startup-how-todays-entrepreneurs-use-continuous-innovation-to-create-radically-successful-businesses_260/index.html,2026-10-06T13:07:14.120448+00:00
Books to Scrape,The Last Painting of Sara de Vos,,55.55,2,,,,https://books.toscrape.com/catalogue/the-last-painting-of-sara-de-vos_259/index.html,2026-10-06T13:07:14.121473+00:00
Books to Scrape,"The Land of 10,000 Madonnas",,29.64,4,,,,https://books.toscrape.com/catalogue/the-land-of-10000-madonnas_258/index.html,2026-10-06T13:07:14.121473+00:00
Books to Scrape,The Infinities,,27.41,1,,,,https://books.toscrape.com/catalogue/the-infinities_257/index.html,2026-10-06T13:07:14.122424+00:00
Books to Scrape,The Husband's Secret,,52.51,5,,,,https://books.toscrape.com/catalogue/the-husbands-secret_256/index.html,2026-10-06T13:07:14.122424+00:00
Books to Scrape,The Hitchhiker's Guide to the Galaxy (Hitchhiker's Guide to the Galaxy #1),,47.8,3,,,,https://books.toscrape.com/catalogue/the-hitchhikers-guide-to-the-galaxy-hitchhikers-guide-to-the-galaxy-1_255/index.html,2026-10-06T13:07:14.123379+00:00
Books to Scrape,The Guns of August,,14.54,2,,,,https://books.toscrape.com/catalogue/the-guns-of-august_254/index.html,2026-10-06T13:07:14.123379+00:00
Books to Scrape,The Guernsey Literary and Potato Peel Pie Society,,49.53,1,,,,https://books.toscrape.com/catalogue/the-guernsey-literary-and-potato-peel-pie-society_253/index.html,2026-10-06T13:07:14.123379+00:00
Books to Scrape,The Goldfinch,,43.58,3,,,,https://books.toscrape.com/catalogue/the-goldfinch_252/index.html,2026-10-06T13:07:14.124426+00:00
Books to Scrape,The Giver (The Giver Quartet #1),,12.3,1,,,,https://books.toscrape.com/catalogue/the-giver-the-giver-quartet-1_251/index.html,2026-10-06T13:07:14.124426+00:00
Books to Scrape,The Girl with All the Gifts,,49.47,3,,,,https://books.toscrape.com/catalogue/the-girl-with-all-the-gifts_250/index.html,2026-10-06T13:07:14.124426+00:00
Books to Scrape,The Girl Who Played with Fire (Millennium Trilogy #2),,22.14,2,,,,https://books.toscrape.com/catalogue/the-girl-who-played-with-fire-millennium-trilogy-2_249/index.html,2026-10-06T13:07:14.124426+00:00
Books to Scrape,The Girl Who Kicked the Hornet's Nest (Millennium Trilogy #3),,57.48,1,,,,https://books.toscrape.com/catalogue/the-girl-who-kicked-the-hornets-nest-millennium-trilogy-3_248/index.html,2026-10-06T13:07:14.124426+00:00
Books to Scrape,The Exiled,,43.45,3,,,,https://books.toscrape.com/catalogue/the-exiled_247/index.html,2026-10-06T13:07:14.125418+00:00
Books to Scrape,"The End of Faith: Religion, Terror, and the Future of Reason",,22.13,4,,,,https://books.toscrape.com/catalogue/the-end-of-faith-religion-terror-and-the-future-of-reason_246/index.html,2026-10-06T13:07:14.125418+00:00
Books to Scrape,"The Elegant Universe: Superstrings, Hidden Dimensions, and the Quest for the Ultimate Theory",,13.03,4,,,,https://books.toscrape.com/catalogue/the-elegant-universe-superstrings-hidden-dimensions-and-the-quest-for-the-ultimate-theory_245/index.html,2026-10-06T13:07:14.125418+00:00
Books to Scrape,"The Disappearing Spoon: And Other True Tales of Madness, Love, and the History of the World from the Periodic Table of the Elements",,57.35,5,,,,https://books.toscrape.com/catalogue/the-disappearing-spoon-and-other-true-tales-of-madness-love-and-the-history-of-the-world-from-the-periodic-table-of-the-elements_244/index.html,2026-10-06T13:07:14.125418+00:00
Books to Scrape,The Devil Wears Prada (The Devil Wears Prada #1),,44.29,1,,,,https://books.toscrape.com/catalogue/the-devil-wears-prada-the-devil-wears-prada-1_243/index.html,2026-10-06T13:07:14.125418+00:00
Books to Scrape,The Demon-Haunted World: Science as a Candle in the Dark,,52.25,4,,,,https://books.toscrape.com/catalogue/the-demon-haunted-world-science-as-a-candle-in-the-dark_242/index.html,2026-10-06T13:07:14.126409+00:00
Books to Scrape,The Day the Crayons Came Home (Crayons),,26.33,5,,,,https://books.toscrape.com/catalogue/the-day-the-crayons-came-home-crayons_241/index.html,2026-10-06T13:07:14.126409+00:00
Books to Scrape,The Da Vinci Code (Robert Langdon #2),,22.96,2,,,,https://books.toscrape.com/catalogue/the-da-vinci-code-robert-langdon-2_240/index.html,2026-10-06T13:07:16.725387+00:00
Books to Scrape,The Cuckoo's Calling (Cormoran Strike #1),,19.21,1,,,,https://books.toscrape.com/catalogue/the-cuckoos-calling-cormoran-strike-1_239/index.html,2026-10-06T13:07:16.726484+00:00
Books to Scrape,The Complete Stories and Poems (The Works of Edgar Allan Poe [Cameo Edition]),,26.78,4,,,,https://books.toscrape.com/catalogue/the-complete-stories-and-poems-the-works-of-edgar-allan-poe-cameo-edition_238/index.html,2026-10-06T13:07:16.726484+00:00
Books to Scrape,The Complete Poems,,41.32,5,,,,https://books.toscrape.com/catalogue/the-complete-poems_237/index.html,2026-10-06T13:07:16.726484+00:00
Books to Scrape,The Catcher in the Rye,,24.55,1,,,,https://books.toscrape.com/catalogue/the-catcher-in-the-rye_236/index.html,2026-10-06T13:07:16.726484+00:00
Books to Scrape,The Cat in the Hat (Beginner Books B-1),,16.26,2,,,,https://books.toscrape.com/catalogue/the-cat-in-the-hat-beginner-books-b-1_235/index.html,2026-10-06T13:07:16.726484+00:00
Books to Scrape,The Case for Christ (Cases for Christianity),,47.84,1,,,,https://books.toscrape.com/catalogue/the-case-for-christ-cases-for-christianity_234/index.html,2026-10-06T13:07:16.726484+00:00
Books to Scrape,The Book Thief,,53.49,2,,,,https://books.toscrape.com/catalogue/the-book-thief_233/index.html,2026-10-06T13:07:16.726484+00:00
Books to Scrape,The Book of Basketball: The NBA According to The Sports Guy,,44.84,5,,,,https://books.toscrape.com/catalogue/the-book-of-basketball-the-nba-according-to-the-sports-guy_232/index.html,2026-10-06T13:07:16.728102+00:00
Books to Scrape,The Blind Side: Evolution of a Game,,53.71,5,,,,https://books.toscrape.com/catalogue/the-blind-side-evolution-of-a-game_231/index.html,2026-10-06T13:07:16.728102+00:00
Books to Scrape,The Autobiography of Malcolm X,,23.43,2,,,,https://books.toscrape.com/catalogue/the-autobiography-of-malcolm-x_230/index.html,2026-10-06T13:07:16.728102+00:00
Books to Scrape,"The Art of Simple Food: Notes, Lessons, and Recipes from a Delicious Revolution",,34.32,3,,,,https://books.toscrape.com/catalogue/the-art-of-simple-food-notes-lessons-and-recipes-from-a-delicious-revolution_229/index.html,2026-10-06T13:07:16.728102+00:00
Books to Scrape,The Art of Fielding,,22.1,1,,,,https://books.toscrape.com/catalogue/the-art-of-fielding_228/index.html,2026-10-06T13:07:16.728102+00:00
Books to Scrape,"Surely You're Joking, Mr. Feynman!: Adventures of a Curious Character",,25.83,2,,,,https://books.toscrape.com/catalogue/surely-youre-joking-mr-feynman-adventures-of-a-curious-character_227/index.html,2026-10-06T13:07:16.729109+00:00
Books to Scrape,Stiff: The Curious Lives of Human Cadavers,,36.74,3,,,,https://books.toscrape.com/catalogue/stiff-the-curious-lives-of-human-cadavers_226/index.html,2026-10-06T13:07:16.729109+00:00
Books to Scrape,Spilled Milk: Based on a True Story,,49.51,1,,,,https://books.toscrape.com/catalogue/spilled-milk-based-on-a-true-story_225/index.html,2026-10-06T13:07:16.729109+00:00
Books to Scrape,Something Borrowed (Darcy & Rachel #1),,48.96,5,,,,https://books.toscrape.com/catalogue/something-borrowed-darcy-rachel-1_224/index.html,2026-10-06T13:07:16.729109+00:00
Books to Scrape,Something Blue (Darcy & Rachel #2),,54.62,1,,,,https://books.toscrape.com/catalogue/something-blue-darcy-rachel-2_223/index.html,2026-10-06T13:07:16.729109+00:00
Books to Scrape,Soldier (Talon #3),,24.72,2,,,,https://books.toscrape.com/catalogue/soldier-talon-3_222/index.html,2026-10-06T13:07:16.729109+00:00
Books to Scrape,Shopaholic & Baby (Shopaholic #5),,46.45,2,,,,https://books.toscrape.com/catalogue/shopaholic-baby-shopaholic-5_221/index.html,2026-10-06T13:07:16.730109+00:00
Books to Scrape,Seven Days in the Art World,,52.33,2,,,,https://books.toscrape.com/catalogue/seven-days-in-the-art-world_220/index.html,2026-10-06T13:07:18.432425+00:00
Books to Scrape,Seven Brief Lessons on Physics,,30.6,4,,,,https://books.toscrape.com/catalogue/seven-brief-lessons-on-physics_219/index.html,2026-10-06T13:07:18.432425+00:00
Books to Scrape,Scarlet (The Lunar Chronicles #2),,14.57,4,,,,https://books.toscrape.com/catalogue/scarlet-the-lunar-chronicles-2_218/index.html,2026-10-06T13:07:18.432425+00:00
Books to Scrape,Sarah's Key,,46.29,1,,,,https://books.toscrape.com/catalogue/sarahs-key_217/index.html,2026-10-06T13:07:18.433427+00:00
Books to Scrape,"Saga, Volume 3 (Saga (Collected Editions) #3)",,21.57,5,,,,https://books.toscrape.com/catalogue/saga-volume-3-saga-collected-editions-3_216/index.html,2026-10-06T13:07:18.433427+00:00
Books to Scrape,Running with Scissors,,12.91,4,,,,https://books.toscrape.com/catalogue/running-with-scissors_215/index.html,2026-10-06T13:07:18.433427+00:00
Books to Scrape,Rogue Lawyer (Rogue Lawyer #1),,50.11,3,,,,https://books.toscrape.com/catalogue/rogue-lawyer-rogue-lawyer-1_214/index.html,2026-10-06T13:07:18.433427+00:00
Books to Scrape,"Rise of the Rocket Girls: The Women Who Propelled Us, from Missiles to the Moon to Mars",,41.67,4,,,,https://books.toscrape.com/catalogue/rise-of-the-rocket-girls-the-women-who-propelled-us-from-missiles-to-the-moon-to-mars_213/index.html,2026-10-06T13:07:18.433427+00:00
Books to Scrape,Rework,,44.88,2,,,,https://books.toscrape.com/catalogue/rework_212/index.html,2026-10-06T13:07:18.434426+00:00
Books to Scrape,Reservations for Two,,11.1,3,,,,https://books.toscrape.com/catalogue/reservations-for-two_211/index.html,2026-10-06T13:07:18.434426+00:00
Books to Scrape,Red: The True Story of Red Riding Hood,,28.54,3,,,,https://books.toscrape.com/catalogue/red-the-true-story-of-red-riding-hood_210/index.html,2026-10-06T13:07:18.434426+00:00
Books to Scrape,Ready Player One,,19.07,4,,,,https://books.toscrape.com/catalogue/ready-player-one_209/index.html,2026-10-06T13:07:18.434426+00:00
Books to Scrape,Quiet: The Power of Introverts in a World That Can't Stop Talking,,43.55,1,,,,https://books.toscrape.com/catalogue/quiet-the-power-of-introverts-in-a-world-that-cant-stop-talking_208/index.html,2026-10-06T13:07:18.434426+00:00
Books to Scrape,Prodigy: The Graphic Novel (Legend: The Graphic Novel #2),,43.63,3,,,,https://books.toscrape.com/catalogue/prodigy-the-graphic-novel-legend-the-graphic-novel-2_207/index.html,2026-10-06T13:07:18.435427+00:00
Books to Scrape,Persepolis: The Story of a Childhood (Persepolis #1-2),,39.13,1,,,,https://books.toscrape.com/catalogue/persepolis-the-story-of-a-childhood-persepolis-1-2_206/index.html,2026-10-06T13:07:18.435427+00:00
Books to Scrape,Packing for Mars: The Curious Science of Life in the Void,,56.68,2,,,,https://books.toscrape.com/catalogue/packing-for-mars-the-curious-science-of-life-in-the-void_205/index.html,2026-10-06T13:07:18.435427+00:00
Books to Scrape,Outliers: The Story of Success,,14.16,1,,,,https://books.toscrape.com/catalogue/outliers-the-story-of-success_204/index.html,2026-10-06T13:07:18.435427+00:00
Books to Scrape,Original Fake,,31.45,3,,,,https://books.toscrape.com/catalogue/original-fake_203/index.html,2026-10-06T13:07:18.435427+00:00
Books to Scrape,Orange Is the New Black,,24.61,2,,,,https://books.toscrape.com/catalogue/orange-is-the-new-black_202/index.html,2026-10-06T13:07:18.436426+00:00
Books to Scrape,One for the Money (Stephanie Plum #1),,32.87,2,,,,https://books.toscrape.com/catalogue/one-for-the-money-stephanie-plum-1_201/index.html,2026-10-06T13:07:18.436426+00:00
Books to Scrape,Notes from a Small Island (Notes From a Small Island #1),,40.17,1,,,,https://books.toscrape.com/catalogue/notes-from-a-small-island-notes-from-a-small-island-1_200/index.html,2026-10-06T13:07:19.743698+00:00
Books to Scrape,Night (The Night Trilogy #1),,13.51,1,,,,https://books.toscrape.com/catalogue/night-the-night-trilogy-1_199/index.html,2026-10-06T13:07:19.743698+00:00
Books to Scrape,Neither Here nor There: Travels in Europe,,38.95,3,,,,https://books.toscrape.com/catalogue/neither-here-nor-there-travels-in-europe_198/index.html,2026-10-06T13:07:19.744702+00:00
Books to Scrape,Naked,,31.69,3,,,,https://books.toscrape.com/catalogue/naked_197/index.html,2026-10-06T13:07:19.744702+00:00
Books to Scrape,Morning Star (Red Rising #3),,29.4,1,,,,https://books.toscrape.com/catalogue/morning-star-red-rising-3_196/index.html,2026-10-06T13:07:19.744702+00:00
Books to Scrape,"Miracles from Heaven: A Little Girl, Her Journey to Heaven, and Her Amazing Story of Healing",,57.83,1,,,,https://books.toscrape.com/catalogue/miracles-from-heaven-a-little-girl-her-journey-to-heaven-and-her-amazing-story-of-healing_195/index.html,2026-10-06T13:07:19.744702+00:00
Books to Scrape,Midnight Riot (Peter Grant/ Rivers of London - books #1),,55.46,2,,,,https://books.toscrape.com/catalogue/midnight-riot-peter-grant-rivers-of-london-books-1_194/index.html,2026-10-06T13:07:19.744702+00:00
Books to Scrape,Me Talk Pretty One Day,,57.6,2,,,,https://books.toscrape.com/catalogue/me-talk-pretty-one-day_193/index.html,2026-10-06T13:07:19.745700+00:00
Books to Scrape,Manuscript Found in Accra,,34.98,2,,,,https://books.toscrape.com/catalogue/manuscript-found-in-accra_192/index.html,2026-10-06T13:07:19.745700+00:00
Books to Scrape,Lust & Wonder,,11.87,2,,,,https://books.toscrape.com/catalogue/lust-wonder_191/index.html,2026-10-06T13:07:19.745700+00:00
Books to Scrape,Lila (Gilead #3),,12.47,3,,,,https://books.toscrape.com/catalogue/lila-gilead-3_190/index.html,2026-10-06T13:07:19.745700+00:00
Books to Scrape,"Life, the Universe and Everything (Hitchhiker's Guide to the Galaxy #3)",,33.26,2,,,,https://books.toscrape.com/catalogue/life-the-universe-and-everything-hitchhikers-guide-to-the-galaxy-3_189/index.html,2026-10-06T13:07:19.745700+00:00
Books to Scrape,Life Without a Recipe,,59.04,5,,,,https://books.toscrape.com/catalogue/life-without-a-recipe_188/index.html,2026-10-06T13:07:19.746706+00:00
Books to Scrape,Life After Life,,26.13,2,,,,https://books.toscrape.com/catalogue/life-after-life_187/index.html,2026-10-06T13:07:19.746706+00:00
Books to Scrape,Letter to a Christian Nation,,22.2,1,,,,https://books.toscrape.com/catalogue/letter-to-a-christian-nation_186/index.html,2026-10-06T13:07:19.746706+00:00
Books to Scrape,Let's Pretend This Never Happened: A Mostly True Memoir,,45.11,1,,,,https://books.toscrape.com/catalogue/lets-pretend-this-never-happened-a-mostly-true-memoir_185/index.html,2026-10-06T13:07:19.746706+00:00
Books to Scrape,Legend (Legend #1),,43.69,4,,,,https://books.toscrape.com/catalogue/legend-legend-1_184/index.html,2026-10-06T13:07:19.746706+00:00
Books to Scrape,"Lean In: Women, Work, and the Will to Lead",,25.02,1,,,,https://books.toscrape.com/catalogue/lean-in-women-work-and-the-will-to-lead_183/index.html,2026-10-06T13:07:19.746706+00:00
Books to Scrape,"Lamb: The Gospel According to Biff, Christ's Childhood Pal",,55.5,5,,,,https://books.toscrape.com/catalogue/lamb-the-gospel-according-to-biff-christs-childhood-pal_182/index.html,2026-10-06T13:07:19.746706+00:00
Books to Scrape,Lady Renegades (Rebel Belle #3),,53.04,5,,,,https://books.toscrape.com/catalogue/lady-renegades-rebel-belle-3_181/index.html,2026-10-06T13:07:19.746706+00:00
Books to Scrape,Jurassic Park (Jurassic Park #1),,44.97,1,,,,https://books.toscrape.com/catalogue/jurassic-park-jurassic-park-1_180/index.html,2026-10-06T13:07:20.904102+00:00
Books to Scrape,It's Never Too Late to Begin Again: Discovering Creativity and Meaning at Midlife and Beyond,,42.38,1,,,,https://books.toscrape.com/catalogue/its-never-too-late-to-begin-again-discovering-creativity-and-meaning-at-midlife-and-beyond_179/index.html,2026-10-06T13:07:20.905087+00:00
Books to Scrape,Is Everyone Hanging Out Without Me? (And Other Concerns),,20.11,3,,,,https://books.toscrape.com/catalogue/is-everyone-hanging-out-without-me-and-other-concerns_178/index.html,2026-10-06T13:07:20.905087+00:00
Books to Scrape,Into the Wild,,56.7,5,,,,https://books.toscrape.com/catalogue/into-the-wild_177/index.html,2026-10-06T13:07:20.906013+00:00
Books to Scrape,Inferno (Robert Langdon #4),,41.0,5,,,,https://books.toscrape.com/catalogue/inferno-robert-langdon-4_176/index.html,2026-10-06T13:07:20.906013+00:00
Books to Scrape,"In the Garden of Beasts: Love, Terror, and an American Family in Hitler's Berlin",,28.85,3,,,,https://books.toscrape.com/catalogue/in-the-garden-of-beasts-love-terror-and-an-american-family-in-hitlers-berlin_175/index.html,2026-10-06T13:07:20.906013+00:00
Books to Scrape,If I Run (If I Run #1),,49.97,4,,,,https://books.toscrape.com/catalogue/if-i-run-if-i-run-1_174/index.html,2026-10-06T13:07:20.907082+00:00
Books to Scrape,I've Got Your Number,,19.69,1,,,,https://books.toscrape.com/catalogue/ive-got-your-number_173/index.html,2026-10-06T13:07:20.907082+00:00
Books to Scrape,I Am Malala: The Girl Who Stood Up for Education and Was Shot by the Taliban,,28.88,2,,,,https://books.toscrape.com/catalogue/i-am-malala-the-girl-who-stood-up-for-education-and-was-shot-by-the-taliban_172/index.html,2026-10-06T13:07:20.907082+00:00
Books to Scrape,Hungry Girl Clean & Hungry: Easy All-Natural Recipes for Healthy Eating in the Real World,,33.14,3,,,,https://books.toscrape.com/catalogue/hungry-girl-clean-hungry-easy-all-natural-recipes-for-healthy-eating-in-the-real-world_171/index.html,2026-10-06T13:07:20.907082+00:00
Books to Scrape,"House of Lost Worlds: Dinosaurs, Dynasties, and the Story of Life on Earth",,43.7,2,,,,https://books.toscrape.com/catalogue/house-of-lost-worlds-dinosaurs-dynasties-and-the-story-of-life-on-earth_170/index.html,2026-10-06T13:07:20.907082+00:00
Books to Scrape,House of Leaves,,54.89,1,,,,https://books.toscrape.com/catalogue/house-of-leaves_169/index.html,2026-10-06T13:07:20.908006+00:00
Books to Scrape,Horrible Bear!,,37.52,2,,,,https://books.toscrape.com/catalogue/horrible-bear_168/index.html,2026-10-06T13:07:20.908006+00:00
Books to Scrape,Holidays on Ice,,51.07,2,,,,https://books.toscrape.com/catalogue/holidays-on-ice_167/index.html,2026-10-06T13:07:20.908006+00:00
Books to Scrape,Heir to the Sky,,44.07,4,,,,https://books.toscrape.com/catalogue/heir-to-the-sky_166/index.html,2026-10-06T13:07:20.909104+00:00
Books to Scrape,Green Eggs and Ham (Beginner Books B-16),,10.79,4,,,,https://books.toscrape.com/catalogue/green-eggs-and-ham-beginner-books-b-16_165/index.html,2026-10-06T13:07:20.909104+00:00
Books to Scrape,"Grayson, Vol 3: Nemesis (Grayson #3)",,42.72,1,,,,https://books.toscrape.com/catalogue/grayson-vol-3-nemesis-grayson-3_164/index.html,2026-10-06T13:07:20.909104+00:00
Books to Scrape,Gratitude,,26.66,5,,,,https://books.toscrape.com/catalogue/gratitude_163/index.html,2026-10-06T13:07:20.909104+00:00
Books to Scrape,Gone Girl,,37.6,5,,,,https://books.toscrape.com/catalogue/gone-girl_162/index.html,2026-10-06T13:07:20.910143+00:00
Books to Scrape,Golden (Heart of Dread #3),,42.21,4,,,,https://books.toscrape.com/catalogue/golden-heart-of-dread-3_161/index.html,2026-10-06T13:07:20.910143+00:00
Books to Scrape,Girl in the Blue Coat,,46.83,2,,,,https://books.toscrape.com/catalogue/girl-in-the-blue-coat_160/index.html,2026-10-06T13:07:22.078335+00:00
Books to Scrape,"Fruits Basket, Vol. 3 (Fruits Basket #3)",,45.17,2,,,,https://books.toscrape.com/catalogue/fruits-basket-vol-3-fruits-basket-3_159/index.html,2026-10-06T13:07:22.079436+00:00
Books to Scrape,"Friday Night Lights: A Town, a Team, and a Dream",,51.22,3,,,,https://books.toscrape.com/catalogue/friday-night-lights-a-town-a-team-and-a-dream_158/index.html,2026-10-06T13:07:22.080441+00:00
Books to Scrape,Fire Bound (Sea Haven/Sisters of the Heart #5),,21.28,4,,,,https://books.toscrape.com/catalogue/fire-bound-sea-havensisters-of-the-heart-5_157/index.html,2026-10-06T13:07:22.080441+00:00
Books to Scrape,Fifty Shades Freed (Fifty Shades #3),,15.36,5,,,,https://books.toscrape.com/catalogue/fifty-shades-freed-fifty-shades-3_156/index.html,2026-10-06T13:07:22.081338+00:00
Books to Scrape,Fellside,,38.62,1,,,,https://books.toscrape.com/catalogue/fellside_155/index.html,2026-10-06T13:07:22.081338+00:00
Books to Scrape,Extreme Prey (Lucas Davenport #26),,25.4,3,,,,https://books.toscrape.com/catalogue/extreme-prey-lucas-davenport-26_154/index.html,2026-10-06T13:07:22.082401+00:00
Books to Scrape,Eragon (The Inheritance Cycle #1),,43.87,3,,,,https://books.toscrape.com/catalogue/eragon-the-inheritance-cycle-1_153/index.html,2026-10-06T13:07:22.082401+00:00
Books to Scrape,Eclipse (Twilight #3),,18.74,1,,,,https://books.toscrape.com/catalogue/eclipse-twilight-3_152/index.html,2026-10-06T13:07:22.083337+00:00
Books to Scrape,Dune (Dune #1),,54.86,1,,,,https://books.toscrape.com/catalogue/dune-dune-1_151/index.html,2026-10-06T13:07:22.083337+00:00
Books to Scrape,Dracula,,52.62,3,,,,https://books.toscrape.com/catalogue/dracula_150/index.html,2026-10-06T13:07:22.083337+00:00
Books to Scrape,Do Androids Dream of Electric Sheep? (Blade Runner #1),,51.48,1,,,,https://books.toscrape.com/catalogue/do-androids-dream-of-electric-sheep-blade-runner-1_149/index.html,2026-10-06T13:07:22.084421+00:00
Books to Scrape,Disrupted: My Misadventure in the Start-Up Bubble,,15.28,5,,,,https://books.toscrape.com/catalogue/disrupted-my-misadventure-in-the-start-up-bubble_148/index.html,2026-10-06T13:07:22.084421+00:00
Books to Scrape,Dead Wake: The Last Crossing of the Lusitania,,39.24,5,,,,https://books.toscrape.com/catalogue/dead-wake-the-last-crossing-of-the-lusitania_147/index.html,2026-10-06T13:07:22.084421+00:00
Books to Scrape,"David and Goliath: Underdogs, Misfits, and the Art of Battling Giants",,17.81,1,,,,https://books.toscrape.com/catalogue/david-and-goliath-underdogs-misfits-and-the-art-of-battling-giants_146/index.html,2026-10-06T13:07:22.085447+00:00
Books to Scrape,Darkfever (Fever #1),,56.02,1,,,,https://books.toscrape.com/catalogue/darkfever-fever-1_145/index.html,2026-10-06T13:07:22.086425+00:00
Books to Scrape,Dark Places,,23.9,5,,,,https://books.toscrape.com/catalogue/dark-places_144/index.html,2026-10-06T13:07:22.086425+00:00
Books to Scrape,Crazy Rich Asians (Crazy Rich Asians #1),,49.13,5,,,,https://books.toscrape.com/catalogue/crazy-rich-asians-crazy-rich-asians-1_143/index.html,2026-10-06T13:07:22.086425+00:00
Books to Scrape,Counting Thyme,,10.62,1,,,,https://books.toscrape.com/catalogue/counting-thyme_142/index.html,2026-10-06T13:07:22.088033+00:00
Books to Scrape,Cosmos,,36.17,2,,,,https://books.toscrape.com/catalogue/cosmos_141/index.html,2026-10-06T13:07:22.088033+00:00
Books to Scrape,Civilization and Its Discontents,,59.95,2,,,,https://books.toscrape.com/catalogue/civilization-and-its-discontents_140/index.html,2026-10-06T13:07:23.266243+00:00
Books to Scrape,Cinder (The Lunar Chronicles #1),,26.09,1,,,,https://books.toscrape.com/catalogue/cinder-the-lunar-chronicles-1_139/index.html,2026-10-06T13:07:23.266243+00:00
Books to Scrape,Catastrophic Happiness: Finding Joy in Childhood's Messy Years,,37.35,2,,,,https://books.toscrape.com/catalogue/catastrophic-happiness-finding-joy-in-childhoods-messy-years_138/index.html,2026-10-06T13:07:23.267870+00:00
Books to Scrape,Career of Evil (Cormoran Strike #3),,24.72,2,,,,https://books.toscrape.com/catalogue/career-of-evil-cormoran-strike-3_137/index.html,2026-10-06T13:07:23.267870+00:00
Books to Scrape,Breaking Dawn (Twilight #4),,35.28,5,,,,https://books.toscrape.com/catalogue/breaking-dawn-twilight-4_136/index.html,2026-10-06T13:07:23.268896+00:00
Books to Scrape,Brave Enough,,51.32,5,,,,https://books.toscrape.com/catalogue/brave-enough_135/index.html,2026-10-06T13:07:23.268896+00:00
Books to Scrape,Boy Meets Boy,,21.12,3,,,,https://books.toscrape.com/catalogue/boy-meets-boy_134/index.html,2026-10-06T13:07:23.269975+00:00
Books to Scrape,"Born to Run: A Hidden Tribe, Superathletes, and the Greatest Race the World Has Never Seen",,27.35,2,,,,https://books.toscrape.com/catalogue/born-to-run-a-hidden-tribe-superathletes-and-the-greatest-race-the-world-has-never-seen_133/index.html,2026-10-06T13:07:23.271008+00:00
Books to Scrape,Blink: The Power of Thinking Without Thinking,,21.74,5,,,,https://books.toscrape.com/catalogue/blink-the-power-of-thinking-without-thinking_132/index.html,2026-10-06T13:07:23.271008+00:00
Books to Scrape,Black Flags: The Rise of ISIS,,40.87,1,,,,https://books.toscrape.com/catalogue/black-flags-the-rise-of-isis_131/index.html,2026-10-06T13:07:23.271981+00:00
Books to Scrape,"Black Butler, Vol. 1 (Black Butler #1)",,49.31,1,,,,https://books.toscrape.com/catalogue/black-butler-vol-1-black-butler-1_130/index.html,2026-10-06T13:07:23.271981+00:00
Books to Scrape,Big Little Lies,,22.11,1,,,,https://books.toscrape.com/catalogue/big-little-lies_129/index.html,2026-10-06T13:07:23.272886+00:00
Books to Scrape,Between Shades of Gray,,20.79,5,,,,https://books.toscrape.com/catalogue/between-shades-of-gray_128/index.html,2026-10-06T13:07:23.272886+00:00
Books to Scrape,Best of My Love (Fool's Gold #20),,27.41,2,,,,https://books.toscrape.com/catalogue/best-of-my-love-fools-gold-20_127/index.html,2026-10-06T13:07:23.273894+00:00
Books to Scrape,Beowulf,,38.35,2,,,,https://books.toscrape.com/catalogue/beowulf_126/index.html,2026-10-06T13:07:23.274886+00:00
Books to Scrape,Beautiful Creatures (Caster Chronicles #1),,21.55,5,,,,https://books.toscrape.com/catalogue/beautiful-creatures-caster-chronicles-1_125/index.html,2026-10-06T13:07:23.275974+00:00
Books to Scrape,Awkward,,38.02,2,,,,https://books.toscrape.com/catalogue/awkward_124/index.html,2026-10-06T13:07:23.276980+00:00
Books to Scrape,Ash,,22.06,4,,,,https://books.toscrape.com/catalogue/ash_123/index.html,2026-10-06T13:07:23.277986+00:00
Books to Scrape,Are We There Yet?,,10.66,3,,,,https://books.toscrape.com/catalogue/are-we-there-yet_122/index.html,2026-10-06T13:07:23.279200+00:00
Books to Scrape,Are We Smart Enough to Know How Smart Animals Are?,,56.58,1,,,,https://books.toscrape.com/catalogue/are-we-smart-enough-to-know-how-smart-animals-are_121/index.html,2026-10-06T13:07:23.280253+00:00
Books to Scrape,Annie on My Mind,,36.83,5,,,,https://books.toscrape.com/catalogue/annie-on-my-mind_120/index.html,2026-10-06T13:07:26.286042+00:00
Books to Scrape,And Then There Were None,,35.01,2,,,,https://books.toscrape.com/catalogue/and-then-there-were-none_119/index.html,2026-10-06T13:07:26.286042+00:00
Books to Scrape,A Walk in the Woods: Rediscovering America on the Appalachian Trail,,30.48,4,,,,https://books.toscrape.com/catalogue/a-walk-in-the-woods-rediscovering-america-on-the-appalachian-trail_118/index.html,2026-10-06T13:07:26.287040+00:00
Books to Scrape,A Visit from the Goon Squad,,14.08,5,,,,https://books.toscrape.com/catalogue/a-visit-from-the-goon-squad_117/index.html,2026-10-06T13:07:26.287040+00:00
Books to Scrape,A Storm of Swords (A Song of Ice and Fire #3),,31.22,2,,,,https://books.toscrape.com/catalogue/a-storm-of-swords-a-song-of-ice-and-fire-3_116/index.html,2026-10-06T13:07:26.288039+00:00
Books to Scrape,A Heartbreaking Work of Staggering Genius,,54.29,5,,,,https://books.toscrape.com/catalogue/a-heartbreaking-work-of-staggering-genius_115/index.html,2026-10-06T13:07:26.288545+00:00
Books to Scrape,8 Keys to Mental Health Through Exercise,,31.04,1,,,,https://books.toscrape.com/catalogue/8-keys-to-mental-health-through-exercise_114/index.html,2026-10-06T13:07:26.289556+00:00
Books to Scrape,#GIRLBOSS,,50.96,1,,,,https://books.toscrape.com/catalogue/girlboss_113/index.html,2026-10-06T13:07:26.289556+00:00
Books to Scrape,"The Suffragettes (Little Black Classics, #96)",,11.89,2,,,,https://books.toscrape.com/catalogue/the-suffragettes-little-black-classics-96_112/index.html,2026-10-06T13:07:26.290573+00:00
Books to Scrape,The Sense of an Ending,,31.38,3,,,,https://books.toscrape.com/catalogue/the-sense-of-an-ending_111/index.html,2026-10-06T13:07:26.290573+00:00
Books to Scrape,"The Sandman, Vol. 2: The Doll's House (The Sandman (volumes) #2)",,54.81,1,,,,https://books.toscrape.com/catalogue/the-sandman-vol-2-the-dolls-house-the-sandman-volumes-2_110/index.html,2026-10-06T13:07:26.291563+00:00
Books to Scrape,The Course of Love,,16.78,3,,,,https://books.toscrape.com/catalogue/the-course-of-love_109/index.html,2026-10-06T13:07:26.292563+00:00
Books to Scrape,Sugar Rush (Offensive Line #2),,24.42,1,,,,https://books.toscrape.com/catalogue/sugar-rush-offensive-line-2_108/index.html,2026-10-06T13:07:26.292563+00:00
Books to Scrape,"Saga, Volume 2 (Saga (Collected Editions) #2)",,11.75,3,,,,https://books.toscrape.com/catalogue/saga-volume-2-saga-collected-editions-2_107/index.html,2026-10-06T13:07:26.293566+00:00
Books to Scrape,"Run, Spot, Run: The Ethics of Keeping Pets",,20.02,1,,,,https://books.toscrape.com/catalogue/run-spot-run-the-ethics-of-keeping-pets_106/index.html,2026-10-06T13:07:26.293566+00:00
Books to Scrape,New Moon (Twilight #2),,12.86,4,,,,https://books.toscrape.com/catalogue/new-moon-twilight-2_105/index.html,2026-10-06T13:07:26.294563+00:00
Books to Scrape,Life,,31.58,5,,,,https://books.toscrape.com/catalogue/life_104/index.html,2026-10-06T13:07:26.294563+00:00
Books to Scrape,Kindle Paperwhite User's Guide,,34.0,3,,,,https://books.toscrape.com/catalogue/kindle-paperwhite-users-guide_103/index.html,2026-10-06T13:07:26.295563+00:00
Books to Scrape,H is for Hawk,,57.42,5,,,,https://books.toscrape.com/catalogue/h-is-for-hawk_102/index.html,2026-10-06T13:07:26.295563+00:00
Books to Scrape,Girl Online On Tour (Girl Online #2),,53.47,1,,,,https://books.toscrape.com/catalogue/girl-online-on-tour-girl-online-2_101/index.html,2026-10-06T13:07:26.296562+00:00
Books to Scrape,"Fruits Basket, Vol. 2 (Fruits Basket #2)",,11.64,5,,,,https://books.toscrape.com/catalogue/fruits-basket-vol-2-fruits-basket-2_100/index.html,2026-10-06T13:07:30.108826+00:00
Books to Scrape,Diary of a Minecraft Zombie Book 1: A Scare of a Dare (An Unofficial Minecraft Book),,52.88,4,,,,https://books.toscrape.com/catalogue/diary-of-a-minecraft-zombie-book-1-a-scare-of-a-dare-an-unofficial-minecraft-book_99/index.html,2026-10-06T13:07:30.108826+00:00
Books to Scrape,"Y: The Last Man, Vol. 1: Unmanned (Y: The Last Man #1)",,18.51,4,,,,https://books.toscrape.com/catalogue/y-the-last-man-vol-1-unmanned-y-the-last-man-1_98/index.html,2026-10-06T13:07:30.109916+00:00
Books to Scrape,While You Were Mine,,41.32,5,,,,https://books.toscrape.com/catalogue/while-you-were-mine_97/index.html,2026-10-06T13:07:30.109916+00:00
Books to Scrape,Where Lightning Strikes (Bleeding Stars #3),,39.77,3,,,,https://books.toscrape.com/catalogue/where-lightning-strikes-bleeding-stars-3_96/index.html,2026-10-06T13:07:30.109916+00:00
Books to Scrape,When I'm Gone,,51.96,3,,,,https://books.toscrape.com/catalogue/when-im-gone_95/index.html,2026-10-06T13:07:30.109916+00:00
Books to Scrape,Ways of Seeing,,39.51,5,,,,https://books.toscrape.com/catalogue/ways-of-seeing_94/index.html,2026-10-06T13:07:30.110815+00:00
Books to Scrape,"Vampire Knight, Vol. 1 (Vampire Knight #1)",,15.4,1,,,,https://books.toscrape.com/catalogue/vampire-knight-vol-1-vampire-knight-1_93/index.html,2026-10-06T13:07:30.110815+00:00
Books to Scrape,Vampire Girl (Vampire Girl #1),,53.82,2,,,,https://books.toscrape.com/catalogue/vampire-girl-vampire-girl-1_92/index.html,2026-10-06T13:07:30.110815+00:00
Books to Scrape,Twenty Love Poems and a Song of Despair,,30.95,4,,,,https://books.toscrape.com/catalogue/twenty-love-poems-and-a-song-of-despair_91/index.html,2026-10-06T13:07:30.110815+00:00
Books to Scrape,Travels with Charley: In Search of America,,57.82,5,,,,https://books.toscrape.com/catalogue/travels-with-charley-in-search-of-america_90/index.html,2026-10-06T13:07:30.110815+00:00
Books to Scrape,Three Wishes (River of Time: California #1),,44.18,2,,,,https://books.toscrape.com/catalogue/three-wishes-river-of-time-california-1_89/index.html,2026-10-06T13:07:30.111888+00:00
Books to Scrape,This One Moment (Pushing Limits #1),,48.71,1,,,,https://books.toscrape.com/catalogue/this-one-moment-pushing-limits-1_88/index.html,2026-10-06T13:07:30.111888+00:00
Books to Scrape,The Zombie Room,,19.69,5,,,,https://books.toscrape.com/catalogue/the-zombie-room_87/index.html,2026-10-06T13:07:30.111888+00:00
Books to Scrape,"The Wicked + The Divine, Vol. 1: The Faust Act (The Wicked + The Divine)",,36.52,2,,,,https://books.toscrape.com/catalogue/the-wicked-the-divine-vol-1-the-faust-act-the-wicked-the-divine_86/index.html,2026-10-06T13:07:30.111888+00:00
Books to Scrape,The Tumor,,41.56,5,,,,https://books.toscrape.com/catalogue/the-tumor_85/index.html,2026-10-06T13:07:30.111888+00:00
Books to Scrape,The Story of Hong Gildong,,43.19,4,,,,https://books.toscrape.com/catalogue/the-story-of-hong-gildong_84/index.html,2026-10-06T13:07:30.112918+00:00
Books to Scrape,The Silent Wife,,12.34,5,,,,https://books.toscrape.com/catalogue/the-silent-wife_83/index.html,2026-10-06T13:07:30.112918+00:00
Books to Scrape,The Silent Twin (Detective Jennifer Knight #3),,36.25,3,,,,https://books.toscrape.com/catalogue/the-silent-twin-detective-jennifer-knight-3_82/index.html,2026-10-06T13:07:30.112918+00:00
Books to Scrape,The Selfish Gene,,29.45,1,,,,https://books.toscrape.com/catalogue/the-selfish-gene_81/index.html,2026-10-06T13:07:30.112918+00:00
Books to Scrape,The Secret Healer,,34.56,3,,,,https://books.toscrape.com/catalogue/the-secret-healer_80/index.html,2026-10-06T13:07:32.723396+00:00
Books to Scrape,"The Sandman, Vol. 1: Preludes and Nocturnes (The Sandman (volumes) #1)",,54.12,3,,,,https://books.toscrape.com/catalogue/the-sandman-vol-1-preludes-and-nocturnes-the-sandman-volumes-1_79/index.html,2026-10-06T13:07:32.724400+00:00
Books to Scrape,The Republic,,33.78,3,,,,https://books.toscrape.com/catalogue/the-republic_78/index.html,2026-10-06T13:07:32.724400+00:00
Books to Scrape,The Odyssey,,29.64,3,,,,https://books.toscrape.com/catalogue/the-odyssey_77/index.html,2026-10-06T13:07:32.724400+00:00
Books to Scrape,The No. 1 Ladies' Detective Agency (No. 1 Ladies' Detective Agency #1),,57.7,4,,,,https://books.toscrape.com/catalogue/the-no-1-ladies-detective-agency-no-1-ladies-detective-agency-1_76/index.html,2026-10-06T13:07:32.725392+00:00
Books to Scrape,The Nicomachean Ethics,,36.34,1,,,,https://books.toscrape.com/catalogue/the-nicomachean-ethics_75/index.html,2026-10-06T13:07:32.725392+00:00
Books to Scrape,The Name of the Wind (The Kingkiller Chronicle #1),,50.59,3,,,,https://books.toscrape.com/catalogue/the-name-of-the-wind-the-kingkiller-chronicle-1_74/index.html,2026-10-06T13:07:32.725392+00:00
Books to Scrape,The Mirror & the Maze (The Wrath and the Dawn #1.5),,29.38,1,,,,https://books.toscrape.com/catalogue/the-mirror-the-maze-the-wrath-and-the-dawn-15_73/index.html,2026-10-06T13:07:32.725392+00:00
Books to Scrape,The Little Prince,,45.42,2,,,,https://books.toscrape.com/catalogue/the-little-prince_72/index.html,2026-10-06T13:07:32.725392+00:00
Books to Scrape,The Light of the Fireflies,,54.43,1,,,,https://books.toscrape.com/catalogue/the-light-of-the-fireflies_71/index.html,2026-10-06T13:07:32.725392+00:00
Books to Scrape,The Last Girl (The Dominion Trilogy #1),,36.26,2,,,,https://books.toscrape.com/catalogue/the-last-girl-the-dominion-trilogy-1_70/index.html,2026-10-06T13:07:32.726401+00:00
Books to Scrape,The Iliad,,16.16,1,,,,https://books.toscrape.com/catalogue/the-iliad_69/index.html,2026-10-06T13:07:32.726401+00:00
Books to Scrape,The Hook Up (Game On #1),,36.29,5,,,,https://books.toscrape.com/catalogue/the-hook-up-game-on-1_68/index.html,2026-10-06T13:07:32.726401+00:00
Books to Scrape,The Haters,,27.89,5,,,,https://books.toscrape.com/catalogue/the-haters_67/index.html,2026-10-06T13:07:32.726401+00:00
Books to Scrape,The Girl You Lost,,12.29,5,,,,https://books.toscrape.com/catalogue/the-girl-you-lost_66/index.html,2026-10-06T13:07:32.727917+00:00
Books to Scrape,The Girl In The Ice (DCI Erika Foster #1),,15.85,3,,,,https://books.toscrape.com/catalogue/the-girl-in-the-ice-dci-erika-foster-1_65/index.html,2026-10-06T13:07:32.727917+00:00
Books to Scrape,The End of the Jesus Era (An Investigation #1),,14.4,1,,,,https://books.toscrape.com/catalogue/the-end-of-the-jesus-era-an-investigation-1_64/index.html,2026-10-06T13:07:32.727917+00:00
Books to Scrape,The Edge of Reason (Bridget Jones #2),,19.18,4,,,,https://books.toscrape.com/catalogue/the-edge-of-reason-bridget-jones-2_63/index.html,2026-10-06T13:07:32.727917+00:00
Books to Scrape,The Complete Maus (Maus #1-2),,10.64,3,,,,https://books.toscrape.com/catalogue/the-complete-maus-maus-1-2_62/index.html,2026-10-06T13:07:32.728928+00:00
Books to Scrape,The Communist Manifesto,,14.76,3,,,,https://books.toscrape.com/catalogue/the-communist-manifesto_61/index.html,2026-10-06T13:07:32.728928+00:00
Books to Scrape,The Bhagavad Gita,,57.49,3,,,,https://books.toscrape.com/catalogue/the-bhagavad-gita_60/index.html,2026-10-06T13:07:35.612761+00:00
Books to Scrape,The Bette Davis Club,,30.66,3,,,,https://books.toscrape.com/catalogue/the-bette-davis-club_59/index.html,2026-10-06T13:07:35.612761+00:00
Books to Scrape,The Art of Not Breathing,,40.83,4,,,,https://books.toscrape.com/catalogue/the-art-of-not-breathing_58/index.html,2026-10-06T13:07:35.612761+00:00
Books to Scrape,Taking Shots (Assassins #1),,18.88,2,,,,https://books.toscrape.com/catalogue/taking-shots-assassins-1_57/index.html,2026-10-06T13:07:35.612761+00:00
Books to Scrape,Starlark,,25.83,3,,,,https://books.toscrape.com/catalogue/starlark_56/index.html,2026-10-06T13:07:35.612761+00:00
Books to Scrape,"Skip Beat!, Vol. 01 (Skip Beat! #1)",,42.12,3,,,,https://books.toscrape.com/catalogue/skip-beat-vol-01-skip-beat-1_55/index.html,2026-10-06T13:07:35.613776+00:00
Books to Scrape,Sister Sable (The Mad Queen #1),,13.33,3,,,,https://books.toscrape.com/catalogue/sister-sable-the-mad-queen-1_54/index.html,2026-10-06T13:07:35.613776+00:00
Books to Scrape,Shatter Me (Shatter Me #1),,42.4,1,,,,https://books.toscrape.com/catalogue/shatter-me-shatter-me-1_53/index.html,2026-10-06T13:07:35.613776+00:00
Books to Scrape,Shameless,,58.35,3,,,,https://books.toscrape.com/catalogue/shameless_52/index.html,2026-10-06T13:07:35.613776+00:00
Books to Scrape,Shadow Rites (Jane Yellowrock #10),,21.72,4,,,,https://books.toscrape.com/catalogue/shadow-rites-jane-yellowrock-10_51/index.html,2026-10-06T13:07:35.613776+00:00
Books to Scrape,Settling the Score (The Summer Games #1),,44.91,2,,,,https://books.toscrape.com/catalogue/settling-the-score-the-summer-games-1_50/index.html,2026-10-06T13:07:35.614779+00:00
Books to Scrape,Sense and Sensibility,,37.46,1,,,,https://books.toscrape.com/catalogue/sense-and-sensibility_49/index.html,2026-10-06T13:07:35.614779+00:00
Books to Scrape,"Saga, Volume 1 (Saga (Collected Editions) #1)",,28.48,1,,,,https://books.toscrape.com/catalogue/saga-volume-1-saga-collected-editions-1_48/index.html,2026-10-06T13:07:35.614779+00:00
Books to Scrape,"Rhythm, Chord & Malykhin",,28.34,2,,,,https://books.toscrape.com/catalogue/rhythm-chord-malykhin_47/index.html,2026-10-06T13:07:35.614779+00:00
Books to Scrape,"Rat Queens, Vol. 1: Sass & Sorcery (Rat Queens (Collected Editions) #1-5)",,46.96,5,,,,https://books.toscrape.com/catalogue/rat-queens-vol-1-sass-sorcery-rat-queens-collected-editions-1-5_46/index.html,2026-10-06T13:07:35.614779+00:00
Books to Scrape,Paradise Lost (Paradise #1),,24.96,1,,,,https://books.toscrape.com/catalogue/paradise-lost-paradise-1_45/index.html,2026-10-06T13:07:35.615765+00:00
Books to Scrape,"Paper Girls, Vol. 1 (Paper Girls #1-5)",,21.71,4,,,,https://books.toscrape.com/catalogue/paper-girls-vol-1-paper-girls-1-5_44/index.html,2026-10-06T13:07:35.615765+00:00
Books to Scrape,"Ouran High School Host Club, Vol. 1 (Ouran High School Host Club #1)",,29.87,3,,,,https://books.toscrape.com/catalogue/ouran-high-school-host-club-vol-1-ouran-high-school-host-club-1_43/index.html,2026-10-06T13:07:35.615765+00:00
Books to Scrape,Origins (Alphas 0.5),,28.99,1,,,,https://books.toscrape.com/catalogue/origins-alphas-05_42/index.html,2026-10-06T13:07:35.615765+00:00
Books to Scrape,One Second (Seven #7),,52.94,2,,,,https://books.toscrape.com/catalogue/one-second-seven-7_41/index.html,2026-10-06T13:07:35.616754+00:00
Books to Scrape,On the Road (Duluoz Legend),,32.36,3,,,,https://books.toscrape.com/catalogue/on-the-road-duluoz-legend_40/index.html,2026-10-06T13:07:38.063200+00:00
Books to Scrape,Old Records Never Die: One Man's Quest for His Vinyl and His Past,,55.66,2,,,,https://books.toscrape.com/catalogue/old-records-never-die-one-mans-quest-for-his-vinyl-and-his-past_39/index.html,2026-10-06T13:07:38.064284+00:00
Books to Scrape,Off Sides (Off #1),,39.45,5,,,,https://books.toscrape.com/catalogue/off-sides-off-1_38/index.html,2026-10-06T13:07:38.064284+00:00
Books to Scrape,Of Mice and Men,,47.11,2,,,,https://books.toscrape.com/catalogue/of-mice-and-men_37/index.html,2026-10-06T13:07:38.064284+00:00
Books to Scrape,Myriad (Prentor #1),,58.75,4,,,,https://books.toscrape.com/catalogue/myriad-prentor-1_36/index.html,2026-10-06T13:07:38.065297+00:00
Books to Scrape,My Perfect Mistake (Over the Top #1),,38.92,2,,,,https://books.toscrape.com/catalogue/my-perfect-mistake-over-the-top-1_35/index.html,2026-10-06T13:07:38.065297+00:00
Books to Scrape,"Ms. Marvel, Vol. 1: No Normal (Ms. Marvel (2014-2015) #1)",,39.39,4,,,,https://books.toscrape.com/catalogue/ms-marvel-vol-1-no-normal-ms-marvel-2014-2015-1_34/index.html,2026-10-06T13:07:38.065297+00:00
Books to Scrape,Meditations,,25.89,2,,,,https://books.toscrape.com/catalogue/meditations_33/index.html,2026-10-06T13:07:38.066302+00:00
Books to Scrape,Matilda,,28.34,1,,,,https://books.toscrape.com/catalogue/matilda_32/index.html,2026-10-06T13:07:38.066302+00:00
Books to Scrape,Lost Among the Living,,27.7,4,,,,https://books.toscrape.com/catalogue/lost-among-the-living_31/index.html,2026-10-06T13:07:38.066302+00:00
Books to Scrape,Lord of the Flies,,24.89,3,,,,https://books.toscrape.com/catalogue/lord-of-the-flies_30/index.html,2026-10-06T13:07:38.066302+00:00
Books to Scrape,Listen to Me (Fusion #1),,58.99,3,,,,https://books.toscrape.com/catalogue/listen-to-me-fusion-1_29/index.html,2026-10-06T13:07:38.067896+00:00
Books to Scrape,Kitchens of the Great Midwest,,57.2,5,,,,https://books.toscrape.com/catalogue/kitchens-of-the-great-midwest_28/index.html,2026-10-06T13:07:38.067896+00:00
Books to Scrape,Jane Eyre,,38.43,5,,,,https://books.toscrape.com/catalogue/jane-eyre_27/index.html,2026-10-06T13:07:38.067896+00:00
Books to Scrape,Imperfect Harmony,,34.74,4,,,,https://books.toscrape.com/catalogue/imperfect-harmony_26/index.html,2026-10-06T13:07:38.068913+00:00
Books to Scrape,Icing (Aces Hockey #2),,40.44,4,,,,https://books.toscrape.com/catalogue/icing-aces-hockey-2_25/index.html,2026-10-06T13:07:38.068913+00:00
Books to Scrape,"Hawkeye, Vol. 1: My Life as a Weapon (Hawkeye #1)",,45.24,3,,,,https://books.toscrape.com/catalogue/hawkeye-vol-1-my-life-as-a-weapon-hawkeye-1_24/index.html,2026-10-06T13:07:38.068913+00:00
Books to Scrape,Having the Barbarian's Baby (Ice Planet Barbarians #7.5),,34.96,4,,,,https://books.toscrape.com/catalogue/having-the-barbarians-baby-ice-planet-barbarians-75_23/index.html,2026-10-06T13:07:38.068913+00:00
Books to Scrape,"Giant Days, Vol. 1 (Giant Days #1-4)",,56.76,4,,,,https://books.toscrape.com/catalogue/giant-days-vol-1-giant-days-1-4_22/index.html,2026-10-06T13:07:38.069985+00:00
Books to Scrape,"Fruits Basket, Vol. 1 (Fruits Basket #1)",,40.28,5,,,,https://books.toscrape.com/catalogue/fruits-basket-vol-1-fruits-basket-1_21/index.html,2026-10-06T13:07:38.069985+00:00
Books to Scrape,Frankenstein,,38.0,2,,,,https://books.toscrape.com/catalogue/frankenstein_20/index.html,2026-10-06T13:07:40.565776+00:00
Books to Scrape,Forever Rockers (The Rocker #12),,28.8,3,,,,https://books.toscrape.com/catalogue/forever-rockers-the-rocker-12_19/index.html,2026-10-06T13:07:40.565776+00:00
Books to Scrape,Fighting Fate (Fighting #6),,39.24,3,,,,https://books.toscrape.com/catalogue/fighting-fate-fighting-6_18/index.html,2026-10-06T13:07:40.566762+00:00
Books to Scrape,Emma,,32.93,2,,,,https://books.toscrape.com/catalogue/emma_17/index.html,2026-10-06T13:07:40.566762+00:00
Books to Scrape,"Eat, Pray, Love",,51.32,3,,,,https://books.toscrape.com/catalogue/eat-pray-love_16/index.html,2026-10-06T13:07:40.566762+00:00
Books to Scrape,Deep Under (Walker Security #1),,47.09,5,,,,https://books.toscrape.com/catalogue/deep-under-walker-security-1_15/index.html,2026-10-06T13:07:40.566762+00:00
Books to Scrape,Choosing Our Religion: The Spiritual Lives of America's Nones,,28.42,4,,,,https://books.toscrape.com/catalogue/choosing-our-religion-the-spiritual-lives-of-americas-nones_14/index.html,2026-10-06T13:07:40.566762+00:00
Books to Scrape,Charlie and the Chocolate Factory (Charlie Bucket #1),,22.85,3,,,,https://books.toscrape.com/catalogue/charlie-and-the-chocolate-factory-charlie-bucket-1_13/index.html,2026-10-06T13:07:40.566762+00:00
Books to Scrape,Charity's Cross (Charles Towne Belles #4),,41.24,1,,,,https://books.toscrape.com/catalogue/charitys-cross-charles-towne-belles-4_12/index.html,2026-10-06T13:07:40.566762+00:00
Books to Scrape,Bright Lines,,39.07,5,,,,https://books.toscrape.com/catalogue/bright-lines_11/index.html,2026-10-06T13:07:40.566762+00:00
Books to Scrape,Bridget Jones's Diary (Bridget Jones #1),,29.82,1,,,,https://books.toscrape.com/catalogue/bridget-joness-diary-bridget-jones-1_10/index.html,2026-10-06T13:07:40.568352+00:00
Books to Scrape,Bounty (Colorado Mountain #7),,37.26,4,,,,https://books.toscrape.com/catalogue/bounty-colorado-mountain-7_9/index.html,2026-10-06T13:07:40.568352+00:00
Books to Scrape,Blood Defense (Samantha Brinkman #1),,20.3,3,,,,https://books.toscrape.com/catalogue/blood-defense-samantha-brinkman-1_8/index.html,2026-10-06T13:07:40.568352+00:00
Books to Scrape,"Bleach, Vol. 1: Strawberry and the Soul Reapers (Bleach #1)",,34.65,5,,,,https://books.toscrape.com/catalogue/bleach-vol-1-strawberry-and-the-soul-reapers-bleach-1_7/index.html,2026-10-06T13:07:40.568352+00:00
Books to Scrape,Beyond Good and Evil,,43.38,1,,,,https://books.toscrape.com/catalogue/beyond-good-and-evil_6/index.html,2026-10-06T13:07:40.568352+00:00
Books to Scrape,Alice in Wonderland (Alice's Adventures in Wonderland #1),,55.53,1,,,,https://books.toscrape.com/catalogue/alice-in-wonderland-alices-adventures-in-wonderland-1_5/index.html,2026-10-06T13:07:40.569362+00:00
Books to Scrape,"Ajin: Demi-Human, Volume 1 (Ajin: Demi-Human #1)",,57.06,4,,,,https://books.toscrape.com/catalogue/ajin-demi-human-volume-1-ajin-demi-human-1_4/index.html,2026-10-06T13:07:40.569362+00:00
Books to Scrape,A Spy's Devotion (The Regency Spies of London #1),,16.97,5,,,,https://books.toscrape.com/catalogue/a-spys-devotion-the-regency-spies-of-london-1_3/index.html,2026-10-06T13:07:40.569362+00:00
Books to Scrape,1st to Die (Women's Murder Club #1),,53.98,1,,,,https://books.toscrape.com/catalogue/1st-to-die-womens-murder-club-1_2/index.html,2026-10-06T13:07:40.569362+00:00
Books to Scrape,"1,000 Places to See Before You Die",,26.08,5,,,,https://books.toscrape.com/catalogue/1000-places-to-see-before-you-die_1/index.html,2026-10-06T13:07:40.569362+00:00
Quotes to Scrape,The world as we have created it is a process of our thinking. It cannot be changed without changing our thinking.,,,,Albert Einstein,change;deep-thoughts;thinking;world,,https://quotes.toscrape.com/author/Albert-Einstein,2026-10-06T13:07:47.134940+00:00
Quotes to Scrape,"It is our choices, Harry, that show what we truly are, far more than our abilities.",,,,J.K. Rowling,abilities;choices,,https://quotes.toscrape.com/author/J-K-Rowling,2026-10-06T13:07:47.134940+00:00
Quotes to Scrape,There are only two ways to live your life. One is as though nothing is a miracle. The other is as though everything is a miracle.,,,,Albert Einstein,inspirational;life;live;miracle;miracles,,https://quotes.toscrape.com/author/Albert-Einstein,2026-10-06T13:07:47.135985+00:00
Quotes to Scrape,"The person, be it gentleman or lady, who has not pleasure in a good novel, must be intolerably stupid.",,,,Jane Austen,aliteracy;books;classic;humor,,https://quotes.toscrape.com/author/Jane-Austen,2026-10-06T13:07:47.135985+00:00
Quotes to Scrape,"Imperfection is beauty, madness is genius and it's better to be absolutely ridiculous than absolutely boring.",,,,Marilyn Monroe,be-yourself;inspirational,,https://quotes.toscrape.com/author/Marilyn-Monroe,2026-10-06T13:07:47.135985+00:00
Quotes to Scrape,Try not to become a man of success. Rather become a man of value.,,,,Albert Einstein,adulthood;success;value,,https://quotes.toscrape.com/author/Albert-Einstein,2026-10-06T13:07:47.137039+00:00
Quotes to Scrape,It is better to be hated for what you are than to be loved for what you are not.,,,,André Gide,life;love,,https://quotes.toscrape.com/author/Andre-Gide,2026-10-06T13:07:47.137039+00:00
Quotes to Scrape,"I have not failed. I've just found 10,000 ways that won't work.",,,,Thomas A. Edison,edison;failure;inspirational;paraphrased,,https://quotes.toscrape.com/author/Thomas-A-Edison,2026-10-06T13:07:47.137951+00:00
Quotes to Scrape,A woman is like a tea bag; you never know how strong it is until it's in hot water.,,,,Eleanor Roosevelt,misattributed-eleanor-roosevelt,,https://quotes.toscrape.com/author/Eleanor-Roosevelt,2026-10-06T13:07:47.138499+00:00
Quotes to Scrape,"A day without sunshine is like, you know, night.",,,,Steve Martin,humor;obvious;simile,,https://quotes.toscrape.com/author/Steve-Martin,2026-10-06T13:07:47.138499+00:00
Quotes to Scrape,"This life is what you make it. No matter what, you're going to mess up sometimes, it's a universal truth. But the good part is you get to decide how you're going to mess it up. Girls will be your friends - they'll act like it anyway. But just remember, some come, some go. The ones that stay with you through everything - they're your true best friends. Don't let go of them. Also remember, sisters make the best friends in the world. As for lovers, well, they'll come and go too. And baby, I hate to say it, most of them - actually pretty much all of them are going to break your heart, but you can't give up because if you give up, you'll never find your soulmate. You'll never find that half who makes you whole and that goes for everything. Just because you fail once, doesn't mean you're gonna fail at everything. Keep trying, hold on, and always, always, always believe in yourself, because if you don't, then who will, sweetie? So keep your head high, keep your chin up, and most importantly, keep smiling, because life's a beautiful thing and there's so much to smile about.",,,,Marilyn Monroe,friends;heartbreak;inspirational;life;love;sisters,,https://quotes.toscrape.com/author/Marilyn-Monroe,2026-10-06T13:07:49.729557+00:00
Quotes to Scrape,"It takes a great deal of bravery to stand up to our enemies, but just as much to stand up to our friends.",,,,J.K. Rowling,courage;friends,,https://quotes.toscrape.com/author/J-K-Rowling,2026-10-06T13:07:49.729557+00:00
Quotes to Scrape,"If you can't explain it to a six year old, you don't understand it yourself.",,,,Albert Einstein,simplicity;understand,,https://quotes.toscrape.com/author/Albert-Einstein,2026-10-06T13:07:49.730567+00:00
Quotes to Scrape,"You may not be her first, her last, or her only. She loved before she may love again. But if she loves you now, what else matters? She's not perfect—you aren't either, and the two of you may never be perfect together but if she can make you laugh, cause you to think twice, and admit to being human and making mistakes, hold onto her and give her the most you can. She may not be thinking about you every second of the day, but she will give you a part of her that she knows you can break—her heart. So don't hurt her, don't change her, don't analyze and don't expect more than she can give. Smile when she makes you happy, let her know when she makes you mad, and miss her when she's not there.",,,,Bob Marley,love,,https://quotes.toscrape.com/author/Bob-Marley,2026-10-06T13:07:49.730567+00:00
Quotes to Scrape,"I like nonsense, it wakes up the brain cells. Fantasy is a necessary ingredient in living.",,,,Dr. Seuss,fantasy,,https://quotes.toscrape.com/author/Dr-Seuss,2026-10-06T13:07:49.731567+00:00
Quotes to Scrape,"I may not have gone where I intended to go, but I think I have ended up where I needed to be.",,,,Douglas Adams,life;navigation,,https://quotes.toscrape.com/author/Douglas-Adams,2026-10-06T13:07:49.731567+00:00
Quotes to Scrape,"The opposite of love is not hate, it's indifference. The opposite of art is not ugliness, it's indifference. The opposite of faith is not heresy, it's indifference. And the opposite of life is not death, it's indifference.",,,,Elie Wiesel,activism;apathy;hate;indifference;inspirational;love;opposite;philosophy,,https://quotes.toscrape.com/author/Elie-Wiesel,2026-10-06T13:07:49.732566+00:00
Quotes to Scrape,"It is not a lack of love, but a lack of friendship that makes unhappy marriages.",,,,Friedrich Nietzsche,friendship;lack-of-friendship;lack-of-love;love;marriage;unhappy-marriage,,https://quotes.toscrape.com/author/Friedrich-Nietzsche,2026-10-06T13:07:49.732566+00:00
Quotes to Scrape,"Good friends, good books, and a sleepy conscience: this is the ideal life.",,,,Mark Twain,books;contentment;friends;friendship;life,,https://quotes.toscrape.com/author/Mark-Twain,2026-10-06T13:07:49.733565+00:00
Quotes to Scrape,Life is what happens to us while we are making other plans.,,,,Allen Saunders,fate;life;misattributed-john-lennon;planning;plans,,https://quotes.toscrape.com/author/Allen-Saunders,2026-10-06T13:07:49.733565+00:00
Quotes to Scrape,"I love you without knowing how, or when, or from where. I love you simply, without problems or pride: I love you in this way because I do not know any other way of loving but this, in which there is no I or you, so intimate that your hand upon my chest is my hand, so intimate that when I fall asleep your eyes close.",,,,Pablo Neruda,love;poetry,,https://quotes.toscrape.com/author/Pablo-Neruda,2026-10-06T13:07:51.986932+00:00
Quotes to Scrape,For every minute you are angry you lose sixty seconds of happiness.,,,,Ralph Waldo Emerson,happiness,,https://quotes.toscrape.com/author/Ralph-Waldo-Emerson,2026-10-06T13:07:51.986932+00:00
Quotes to Scrape,"If you judge people, you have no time to love them.",,,,Mother Teresa,attributed-no-source,,https://quotes.toscrape.com/author/Mother-Teresa,2026-10-06T13:07:51.988033+00:00
Quotes to Scrape,Anyone who thinks sitting in church can make you a Christian must also think that sitting in a garage can make you a car.,,,,Garrison Keillor,humor;religion,,https://quotes.toscrape.com/author/Garrison-Keillor,2026-10-06T13:07:51.988033+00:00
Quotes to Scrape,Beauty is in the eye of the beholder and it may be necessary from time to time to give a stupid or misinformed beholder a black eye.,,,,Jim Henson,humor,,https://quotes.toscrape.com/author/Jim-Henson,2026-10-06T13:07:51.988033+00:00
Quotes to Scrape,"Today you are You, that is truer than true. There is no one alive who is Youer than You.",,,,Dr. Seuss,comedy;life;yourself,,https://quotes.toscrape.com/author/Dr-Seuss,2026-10-06T13:07:51.989429+00:00
Quotes to Scrape,"If you want your children to be intelligent, read them fairy tales. If you want them to be more intelligent, read them more fairy tales.",,,,Albert Einstein,children;fairy-tales,,https://quotes.toscrape.com/author/Albert-Einstein,2026-10-06T13:07:51.989429+00:00
Quotes to Scrape,"It is impossible to live without failing at something, unless you live so cautiously that you might as well not have lived at all - in which case, you fail by default.",,,,J.K. Rowling,,,https://quotes.toscrape.com/author/J-K-Rowling,2026-10-06T13:07:51.990454+00:00
Quotes to Scrape,Logic will get you from A to Z; imagination will get you everywhere.,,,,Albert Einstein,imagination,,https://quotes.toscrape.com/author/Albert-Einstein,2026-10-06T13:07:51.990454+00:00
Quotes to Scrape,"One good thing about music, when it hits you, you feel no pain.",,,,Bob Marley,music,,https://quotes.toscrape.com/author/Bob-Marley,2026-10-06T13:07:51.990454+00:00
Quotes to Scrape,"The more that you read, the more things you will know. The more that you learn, the more places you'll go.",,,,Dr. Seuss,learning;reading;seuss,,https://quotes.toscrape.com/author/Dr-Seuss,2026-10-06T13:07:54.474265+00:00
Quotes to Scrape,"Of course it is happening inside your head, Harry, but why on earth should that mean that it is not real?",,,,J.K. Rowling,dumbledore,,https://quotes.toscrape.com/author/J-K-Rowling,2026-10-06T13:07:54.474265+00:00
Quotes to Scrape,"The truth is, everyone is going to hurt you. You just got to find the ones worth suffering for.",,,,Bob Marley,friendship,,https://quotes.toscrape.com/author/Bob-Marley,2026-10-06T13:07:54.474265+00:00
Quotes to Scrape,Not all of us can do great things. But we can do small things with great love.,,,,Mother Teresa,misattributed-to-mother-teresa;paraphrased,,https://quotes.toscrape.com/author/Mother-Teresa,2026-10-06T13:07:54.475347+00:00
Quotes to Scrape,"To the well-organized mind, death is but the next great adventure.",,,,J.K. Rowling,death;inspirational,,https://quotes.toscrape.com/author/J-K-Rowling,2026-10-06T13:07:54.475347+00:00
Quotes to Scrape,All you need is love. But a little chocolate now and then doesn't hurt.,,,,Charles M. Schulz,chocolate;food;humor,,https://quotes.toscrape.com/author/Charles-M-Schulz,2026-10-06T13:07:54.475347+00:00
Quotes to Scrape,We read to know we're not alone.,,,,William Nicholson,misattributed-to-c-s-lewis;reading,,https://quotes.toscrape.com/author/William-Nicholson,2026-10-06T13:07:54.476335+00:00
Quotes to Scrape,Any fool can know. The point is to understand.,,,,Albert Einstein,knowledge;learning;understanding;wisdom,,https://quotes.toscrape.com/author/Albert-Einstein,2026-10-06T13:07:54.476335+00:00
Quotes to Scrape,I have always imagined that Paradise will be a kind of library.,,,,Jorge Luis Borges,books;library,,https://quotes.toscrape.com/author/Jorge-Luis-Borges,2026-10-06T13:07:54.476335+00:00
Quotes to Scrape,It is never too late to be what you might have been.,,,,George Eliot,inspirational,,https://quotes.toscrape.com/author/George-Eliot,2026-10-06T13:07:54.476335+00:00
Quotes to Scrape,"A reader lives a thousand lives before he dies, said Jojen. The man who never reads lives only one.",,,,George R.R. Martin,read;readers;reading;reading-books,,https://quotes.toscrape.com/author/George-R-R-Martin,2026-10-06T13:07:56.791128+00:00
Quotes to Scrape,You can never get a cup of tea large enough or a book long enough to suit me.,,,,C.S. Lewis,books;inspirational;reading;tea,,https://quotes.toscrape.com/author/C-S-Lewis,2026-10-06T13:07:56.792093+00:00
Quotes to Scrape,You believe lies so you eventually learn to trust no one but yourself.,,,,Marilyn Monroe,,,https://quotes.toscrape.com/author/Marilyn-Monroe,2026-10-06T13:07:56.792648+00:00
Quotes to Scrape,"If you can make a woman laugh, you can make her do anything.",,,,Marilyn Monroe,girls;love,,https://quotes.toscrape.com/author/Marilyn-Monroe,2026-10-06T13:07:56.792648+00:00
Quotes to Scrape,"Life is like riding a bicycle. To keep your balance, you must keep moving.",,,,Albert Einstein,life;simile,,https://quotes.toscrape.com/author/Albert-Einstein,2026-10-06T13:07:56.792648+00:00
Quotes to Scrape,The real lover is the man who can thrill you by kissing your forehead or smiling into your eyes or just staring into space.,,,,Marilyn Monroe,love,,https://quotes.toscrape.com/author/Marilyn-Monroe,2026-10-06T13:07:56.793737+00:00
Quotes to Scrape,"A wise girl kisses but doesn't love, listens but doesn't believe, and leaves before she is left.",,,,Marilyn Monroe,attributed-no-source,,https://quotes.toscrape.com/author/Marilyn-Monroe,2026-10-06T13:07:56.793737+00:00
Quotes to Scrape,Only in the darkness can you see the stars.,,,,Martin Luther King Jr.,hope;inspirational,,https://quotes.toscrape.com/author/Martin-Luther-King-Jr,2026-10-06T13:07:56.794738+00:00
Quotes to Scrape,"It matters not what someone is born, but what they grow to be.",,,,J.K. Rowling,dumbledore,,https://quotes.toscrape.com/author/J-K-Rowling,2026-10-06T13:07:56.794738+00:00
Quotes to Scrape,"Love does not begin and end the way we seem to think it does. Love is a battle, love is a war; love is a growing up.",,,,James Baldwin,love,,https://quotes.toscrape.com/author/James-Baldwin,2026-10-06T13:07:56.794738+00:00
Quotes to Scrape,"There is nothing I would not do for those who are really my friends. I have no notion of loving people by halves, it is not my nature.",,,,Jane Austen,friendship;love,,https://quotes.toscrape.com/author/Jane-Austen,2026-10-06T13:08:00.279406+00:00
Quotes to Scrape,Do one thing every day that scares you.,,,,Eleanor Roosevelt,attributed;fear;inspiration,,https://quotes.toscrape.com/author/Eleanor-Roosevelt,2026-10-06T13:08:00.279406+00:00
Quotes to Scrape,"I am good, but not an angel. I do sin, but I am not the devil. I am just a small girl in a big world trying to find someone to love.",,,,Marilyn Monroe,attributed-no-source,,https://quotes.toscrape.com/author/Marilyn-Monroe,2026-10-06T13:08:00.279406+00:00
Quotes to Scrape,"If I were not a physicist, I would probably be a musician. I often think in music. I live my daydreams in music. I see my life in terms of music.",,,,Albert Einstein,music,,https://quotes.toscrape.com/author/Albert-Einstein,2026-10-06T13:08:00.279406+00:00
Quotes to Scrape,"If you only read the books that everyone else is reading, you can only think what everyone else is thinking.",,,,Haruki Murakami,books;thought,,https://quotes.toscrape.com/author/Haruki-Murakami,2026-10-06T13:08:00.279406+00:00
Quotes to Scrape,The difference between genius and stupidity is: genius has its limits.,,,,Alexandre Dumas fils,misattributed-to-einstein,,https://quotes.toscrape.com/author/Alexandre-Dumas-fils,2026-10-06T13:08:00.279406+00:00
Quotes to Scrape,"He's like a drug for you, Bella.",,,,Stephenie Meyer,drug;romance;simile,,https://quotes.toscrape.com/author/Stephenie-Meyer,2026-10-06T13:08:00.280407+00:00
Quotes to Scrape,There is no friend as loyal as a book.,,,,Ernest Hemingway,books;friends;novelist-quotes,,https://quotes.toscrape.com/author/Ernest-Hemingway,2026-10-06T13:08:00.280407+00:00
Quotes to Scrape,"When one door of happiness closes, another opens; but often we look so long at the closed door that we do not see the one which has been opened for us.",,,,Helen Keller,inspirational,,https://quotes.toscrape.com/author/Helen-Keller,2026-10-06T13:08:00.280407+00:00
Quotes to Scrape,Life isn't about finding yourself. Life is about creating yourself.,,,,George Bernard Shaw,inspirational;life;yourself,,https://quotes.toscrape.com/author/George-Bernard-Shaw,2026-10-06T13:08:00.280407+00:00
Quotes to Scrape,"That's the problem with drinking, I thought, as I poured myself a drink. If something bad happens you drink in an attempt to forget; if something good happens you drink in order to celebrate; and if nothing happens you drink to make something happen.",,,,Charles Bukowski,alcohol,,https://quotes.toscrape.com/author/Charles-Bukowski,2026-10-06T13:08:03.867834+00:00
Quotes to Scrape,You don’t forget the face of the person who was your last hope.,,,,Suzanne Collins,the-hunger-games,,https://quotes.toscrape.com/author/Suzanne-Collins,2026-10-06T13:08:03.868344+00:00
Quotes to Scrape,"Remember, we're madly in love, so it's all right to kiss me anytime you feel like it.",,,,Suzanne Collins,humor,,https://quotes.toscrape.com/author/Suzanne-Collins,2026-10-06T13:08:03.868344+00:00
Quotes to Scrape,"To love at all is to be vulnerable. Love anything and your heart will be wrung and possibly broken. If you want to make sure of keeping it intact you must give it to no one, not even an animal. Wrap it carefully round with hobbies and little luxuries; avoid all entanglements. Lock it up safe in the casket or coffin of your selfishness. But in that casket, safe, dark, motionless, airless, it will change. It will not be broken; it will become unbreakable, impenetrable, irredeemable. To love is to be vulnerable.",,,,C.S. Lewis,love,,https://quotes.toscrape.com/author/C-S-Lewis,2026-10-06T13:08:03.869357+00:00
Quotes to Scrape,Not all those who wander are lost.,,,,J.R.R. Tolkien,bilbo;journey;lost;quest;travel;wander,,https://quotes.toscrape.com/author/J-R-R-Tolkien,2026-10-06T13:08:03.870370+00:00
Quotes to Scrape,"Do not pity the dead, Harry. Pity the living, and, above all those who live without love.",,,,J.K. Rowling,live-death-love,,https://quotes.toscrape.com/author/J-K-Rowling,2026-10-06T13:08:03.870370+00:00
Quotes to Scrape,There is nothing to writing. All you do is sit down at a typewriter and bleed.,,,,Ernest Hemingway,good;writing,,https://quotes.toscrape.com/author/Ernest-Hemingway,2026-10-06T13:08:03.870370+00:00
Quotes to Scrape,Finish each day and be done with it. You have done what you could. Some blunders and absurdities no doubt crept in; forget them as soon as you can. Tomorrow is a new day. You shall begin it serenely and with too high a spirit to be encumbered with your old nonsense.,,,,Ralph Waldo Emerson,life;regrets,,https://quotes.toscrape.com/author/Ralph-Waldo-Emerson,2026-10-06T13:08:03.871368+00:00
Quotes to Scrape,I have never let my schooling interfere with my education.,,,,Mark Twain,education,,https://quotes.toscrape.com/author/Mark-Twain,2026-10-06T13:08:03.871368+00:00
Quotes to Scrape,I have heard there are troubles of more than one kind. Some come from ahead and some come from behind. But I've bought a big bat. I'm all ready you see. Now my troubles are going to have troubles with me!,,,,Dr. Seuss,troubles,,https://quotes.toscrape.com/author/Dr-Seuss,2026-10-06T13:08:03.872369+00:00
Quotes to Scrape,If I had a flower for every time I thought of you...I could walk through my garden forever.,,,,Alfred Tennyson,friendship;love,,https://quotes.toscrape.com/author/Alfred-Tennyson,2026-10-06T13:08:06.442402+00:00
Quotes to Scrape,Some people never go crazy. What truly horrible lives they must lead.,,,,Charles Bukowski,humor,,https://quotes.toscrape.com/author/Charles-Bukowski,2026-10-06T13:08:06.442402+00:00
Quotes to Scrape,"The trouble with having an open mind, of course, is that people will insist on coming along and trying to put things in it.",,,,Terry Pratchett,humor;open-mind;thinking,,https://quotes.toscrape.com/author/Terry-Pratchett,2026-10-06T13:08:06.442402+00:00
Quotes to Scrape,"Think left and think right and think low and think high. Oh, the thinks you can think up if only you try!",,,,Dr. Seuss,humor;philosophy,,https://quotes.toscrape.com/author/Dr-Seuss,2026-10-06T13:08:06.442402+00:00
Quotes to Scrape,"What really knocks me out is a book that, when you're all done reading it, you wish the author that wrote it was a terrific friend of yours and you could call him up on the phone whenever you felt like it. That doesn't happen much, though.",,,,J.D. Salinger,authors;books;literature;reading;writing,,https://quotes.toscrape.com/author/J-D-Salinger,2026-10-06T13:08:06.443405+00:00
Quotes to Scrape,The reason I talk to myself is because I’m the only one whose answers I accept.,,,,George Carlin,humor;insanity;lies;lying;self-indulgence;truth,,https://quotes.toscrape.com/author/George-Carlin,2026-10-06T13:08:06.443405+00:00
Quotes to Scrape,"You may say I'm a dreamer, but I'm not the only one. I hope someday you'll join us. And the world will live as one.",,,,John Lennon,beatles;connection;dreamers;dreaming;dreams;hope;inspirational;peace,,https://quotes.toscrape.com/author/John-Lennon,2026-10-06T13:08:06.444402+00:00
Quotes to Scrape,I am free of all prejudice. I hate everyone equally.,,,,W.C. Fields,humor;sinister,,https://quotes.toscrape.com/author/W-C-Fields,2026-10-06T13:08:06.445402+00:00
Quotes to Scrape,The question isn't who is going to let me; it's who is going to stop me.,,,,Ayn Rand,,,https://quotes.toscrape.com/author/Ayn-Rand,2026-10-06T13:08:06.445402+00:00
Quotes to Scrape,′Classic′ - a book which people praise and don't read.,,,,Mark Twain,books;classic;reading,,https://quotes.toscrape.com/author/Mark-Twain,2026-10-06T13:08:06.445402+00:00
Quotes to Scrape,Anyone who has never made a mistake has never tried anything new.,,,,Albert Einstein,mistakes,,https://quotes.toscrape.com/author/Albert-Einstein,2026-10-06T13:08:09.098445+00:00
Quotes to Scrape,"A lady's imagination is very rapid; it jumps from admiration to love, from love to matrimony in a moment.",,,,Jane Austen,humor;love;romantic;women,,https://quotes.toscrape.com/author/Jane-Austen,2026-10-06T13:08:09.099455+00:00
Quotes to Scrape,"Remember, if the time should come when you have to make a choice between what is right and what is easy, remember what happened to a boy who was good, and kind, and brave, because he strayed across the path of Lord Voldemort. Remember Cedric Diggory.",,,,J.K. Rowling,integrity,,https://quotes.toscrape.com/author/J-K-Rowling,2026-10-06T13:08:09.099455+00:00
Quotes to Scrape,"I declare after all there is no enjoyment like reading! How much sooner one tires of any thing than of a book! -- When I have a house of my own, I shall be miserable if I have not an excellent library.",,,,Jane Austen,books;library;reading,,https://quotes.toscrape.com/author/Jane-Austen,2026-10-06T13:08:09.100462+00:00
Quotes to Scrape,"There are few people whom I really love, and still fewer of whom I think well. The more I see of the world, the more am I dissatisfied with it; and every day confirms my belief of the inconsistency of all human characters, and of the little dependence that can be placed on the appearance of merit or sense.",,,,Jane Austen,elizabeth-bennet;jane-austen,,https://quotes.toscrape.com/author/Jane-Austen,2026-10-06T13:08:09.100462+00:00
Quotes to Scrape,Some day you will be old enough to start reading fairy tales again.,,,,C.S. Lewis,age;fairytales;growing-up,,https://quotes.toscrape.com/author/C-S-Lewis,2026-10-06T13:08:09.100462+00:00
Quotes to Scrape,We are not necessarily doubting that God will do the best for us; we are wondering how painful the best will turn out to be.,,,,C.S. Lewis,god,,https://quotes.toscrape.com/author/C-S-Lewis,2026-10-06T13:08:09.101463+00:00
Quotes to Scrape,The fear of death follows from the fear of life. A man who lives fully is prepared to die at any time.,,,,Mark Twain,death;life,,https://quotes.toscrape.com/author/Mark-Twain,2026-10-06T13:08:09.101463+00:00
Quotes to Scrape,A lie can travel half way around the world while the truth is putting on its shoes.,,,,Mark Twain,misattributed-mark-twain;truth,,https://quotes.toscrape.com/author/Mark-Twain,2026-10-06T13:08:09.102463+00:00
Quotes to Scrape,"I believe in Christianity as I believe that the sun has risen: not only because I see it, but because by it I see everything else.",,,,C.S. Lewis,christianity;faith;religion;sun,,https://quotes.toscrape.com/author/C-S-Lewis,2026-10-06T13:08:09.102463+00:00
Quotes to Scrape,"The truth."" Dumbledore sighed. ""It is a beautiful and terrible thing, and should therefore be treated with great caution.",,,,J.K. Rowling,truth,,https://quotes.toscrape.com/author/J-K-Rowling,2026-10-06T13:08:11.281630+00:00
Quotes to Scrape,"I'm the one that's got to die when it's time for me to die, so let me live my life the way I want to.",,,,Jimi Hendrix,death;life,,https://quotes.toscrape.com/author/Jimi-Hendrix,2026-10-06T13:08:11.282630+00:00
Quotes to Scrape,To die will be an awfully big adventure.,,,,J.M. Barrie,adventure;love,,https://quotes.toscrape.com/author/J-M-Barrie,2026-10-06T13:08:11.282630+00:00
Quotes to Scrape,It takes courage to grow up and become who you really are.,,,,E.E. Cummings,courage,,https://quotes.toscrape.com/author/E-E-Cummings,2026-10-06T13:08:11.282630+00:00
Quotes to Scrape,But better to get hurt by the truth than comforted with a lie.,,,,Khaled Hosseini,life,,https://quotes.toscrape.com/author/Khaled-Hosseini,2026-10-06T13:08:11.283630+00:00
Quotes to Scrape,You never really understand a person until you consider things from his point of view... Until you climb inside of his skin and walk around in it.,,,,Harper Lee,better-life-empathy,,https://quotes.toscrape.com/author/Harper-Lee,2026-10-06T13:08:11.283630+00:00
Quotes to Scrape,"You have to write the book that wants to be written. And if the book will be too difficult for grown-ups, then you write it for children.",,,,Madeleine L'Engle,books;children;difficult;grown-ups;write;writers;writing,,https://quotes.toscrape.com/author/Madeleine-LEngle,2026-10-06T13:08:11.283630+00:00
Quotes to Scrape,Never tell the truth to people who are not worthy of it.,,,,Mark Twain,truth,,https://quotes.toscrape.com/author/Mark-Twain,2026-10-06T13:08:11.284629+00:00
Quotes to Scrape,"A person's a person, no matter how small.",,,,Dr. Seuss,inspirational,,https://quotes.toscrape.com/author/Dr-Seuss,2026-10-06T13:08:11.284629+00:00
Quotes to Scrape,"... a mind needs books as a sword needs a whetstone, if it is to keep its edge.",,,,George R.R. Martin,books;mind,,https://quotes.toscrape.com/author/George-R-R-Martin,2026-10-06T13:08:11.284629+00:00
